9,-49,228
9,-48,789
9,-47,310
25,-46,311
26,-46,234
-50,-43,282
-67,-42,247
-50,-42,224
-68,-41,201
-67,-41,322
-66,-41,274
-62,-41,281
-50,-41,252
-49,-41,309
-44,-41,274
-43,-41,294
-42,-41,277
-41,-41,270
-38,-41,201
-37,-41,310
-36,-41,232
-34,-41,252
-33,-41,221
-7,-41,208
-76,-40,207
-73,-40,242
-72,-40,251
-71,-40,219
-68,-40,312
-67,-40,338
-66,-40,338
-65,-40,244
-62,-40,319
-57,-40,226
-50,-40,218
-44,-40,251
-43,-40,302
-42,-40,278
-41,-40,218
-39,-40,206
-38,-40,262
-37,-40,284
-36,-40,360
-35,-40,335
-34,-40,262
-33,-40,268
-32,-40,248
-29,-40,208
-28,-40,220
-25,-40,268
-23,-40,244
-22,-40,295
-19,-40,233
-14,-40,232
-11,-40,213
-72,-39,331
-71,-39,307
-70,-39,242
-69,-39,211
-68,-39,356
-67,-39,309
-66,-39,268
-65,-39,314
-64,-39,209
-63,-39,277
-62,-39,279
-43,-39,221
-42,-39,238
-41,-39,268
-40,-39,230
-38,-39,243
-37,-39,291
-36,-39,316
-35,-39,397
-34,-39,448
-33,-39,356
-32,-39,214
-26,-39,276
-25,-39,245
-24,-39,255
-23,-39,285
-22,-39,326
-21,-39,317
-20,-39,303
-19,-39,344
-18,-39,217
-17,-39,223
-16,-39,285
-15,-39,218
-14,-39,267
-13,-39,235
-12,-39,231
-11,-39,240
-10,-39,233
-77,-38,231
-76,-38,388
-75,-38,282
-73,-38,283
-72,-38,488
-71,-38,440
-70,-38,331
-69,-38,299
-68,-38,337
-67,-38,385
-66,-38,274
-65,-38,440
-64,-38,478
-63,-38,389
-62,-38,351
-60,-38,219
-59,-38,420
-52,-38,214
-42,-38,379
-41,-38,418
-40,-38,284
-39,-38,242
-38,-38,440
-37,-38,292
-36,-38,326
-35,-38,409
-34,-38,343
-33,-38,296
-32,-38,334
-29,-38,305
-28,-38,338
-27,-38,242
-26,-38,353
-25,-38,473
-24,-38,329
-23,-38,397
-22,-38,431
-21,-38,466
-20,-38,615
-19,-38,461
-18,-38,333
-17,-38,264
-16,-38,415
-15,-38,299
-14,-38,361
-13,-38,366
-12,-38,316
-11,-38,473
-10,-38,331
-9,-38,207
-4,-38,226
-77,-37,274
-76,-37,351
-75,-37,259
-73,-37,325
-72,-37,401
-71,-37,399
-70,-37,311
-69,-37,361
-68,-37,310
-67,-37,405
-66,-37,365
-65,-37,532
-64,-37,471
-63,-37,329
-62,-37,360
-61,-37,270
-60,-37,315
-59,-37,462
-58,-37,403
-57,-37,227
-56,-37,254
-43,-37,243
-42,-37,565
-41,-37,612
-40,-37,548
-39,-37,399
-38,-37,349
-37,-37,361
-36,-37,332
-35,-37,330
-32,-37,324
-31,-37,369
-30,-37,287
-29,-37,482
-28,-37,659
-27,-37,403
-26,-37,622
-25,-37,709
-24,-37,470
-23,-37,572
-22,-37,653
-21,-37,646
-20,-37,677
-19,-37,562
-18,-37,425
-17,-37,612
-16,-37,695
-15,-37,536
-14,-37,597
-13,-37,408
-12,-37,420
-11,-37,434
-10,-37,318
-9,-37,303
-8,-37,265
-5,-37,230
-4,-37,301
55,-37,413
-79,-36,223
-77,-36,242
-76,-36,307
-75,-36,249
-74,-36,225
-73,-36,315
-72,-36,355
-71,-36,390
-70,-36,341
-69,-36,543
-68,-36,459
-67,-36,382
-66,-36,427
-65,-36,493
-64,-36,626
-63,-36,475
-62,-36,335
-61,-36,355
-60,-36,393
-59,-36,414
-58,-36,296
-56,-36,204
-42,-36,212
-41,-36,436
-40,-36,573
-39,-36,375
-38,-36,332
-37,-36,259
-36,-36,256
-31,-36,363
-30,-36,367
-29,-36,442
-28,-36,593
-27,-36,544
-26,-36,587
-25,-36,729
-24,-36,407
-23,-36,327
-22,-36,616
-21,-36,629
-20,-36,693
-19,-36,554
-18,-36,666
-17,-36,831
-16,-36,585
-15,-36,565
-14,-36,521
-13,-36,567
-12,-36,440
-11,-36,449
-10,-36,347
-9,-36,291
-8,-36,283
-7,-36,230
-6,-36,211
-5,-36,306
-4,-36,265
-1,-36,216
5,-36,210
54,-36,203
55,-36,1406
56,-36,467
-84,-35,309
-80,-35,427
-79,-35,412
-78,-35,224
-77,-35,428
-76,-35,517
-75,-35,552
-74,-35,415
-73,-35,422
-72,-35,550
-71,-35,501
-70,-35,584
-69,-35,669
-68,-35,738
-67,-35,1059
-66,-35,798
-65,-35,716
-64,-35,988
-63,-35,672
-62,-35,676
-61,-35,910
-60,-35,465
-59,-35,504
-58,-35,428
-48,-35,226
-47,-35,248
-41,-35,367
-40,-35,455
-39,-35,209
-38,-35,213
-37,-35,393
-36,-35,276
-32,-35,308
-31,-35,704
-30,-35,545
-29,-35,524
-28,-35,693
-27,-35,813
-26,-35,787
-25,-35,748
-24,-35,350
-23,-35,334
-22,-35,817
-21,-35,772
-20,-35,844
-19,-35,818
-18,-35,647
-17,-35,992
-16,-35,1024
-15,-35,807
-14,-35,860
-13,-35,489
-12,-35,549
-11,-35,545
-10,-35,532
-9,-35,393
-8,-35,295
-7,-35,318
-6,-35,336
-5,-35,373
-4,-35,361
-3,-35,217
-2,-35,293
-1,-35,225
5,-35,298
55,-35,230
-85,-34,289
-84,-34,376
-81,-34,374
-80,-34,583
-79,-34,625
-78,-34,506
-77,-34,700
-76,-34,814
-75,-34,630
-74,-34,656
-73,-34,809
-72,-34,431
-71,-34,515
-70,-34,875
-69,-34,929
-68,-34,1111
-67,-34,846
-66,-34,752
-65,-34,1240
-64,-34,822
-63,-34,944
-62,-34,825
-61,-34,725
-60,-34,609
-59,-34,452
-58,-34,264
-48,-34,248
-47,-34,324
-43,-34,208
-40,-34,205
-33,-34,232
-32,-34,531
-31,-34,738
-30,-34,935
-29,-34,695
-28,-34,402
-27,-34,775
-26,-34,1225
-25,-34,1154
-24,-34,782
-23,-34,771
-22,-34,847
-21,-34,890
-20,-34,1054
-19,-34,869
-18,-34,1012
-17,-34,1111
-16,-34,1176
-15,-34,917
-14,-34,795
-13,-34,822
-12,-34,628
-11,-34,690
-10,-34,457
-9,-34,546
-8,-34,329
-7,-34,257
-6,-34,247
-5,-34,377
-4,-34,249
-3,-34,222
-2,-34,279
-1,-34,328
0,-34,372
5,-34,281
-85,-33,377
-84,-33,322
-81,-33,532
-80,-33,656
-79,-33,673
-78,-33,506
-77,-33,638
-76,-33,841
-75,-33,713
-74,-33,613
-73,-33,736
-72,-33,644
-71,-33,913
-70,-33,1053
-69,-33,926
-68,-33,958
-67,-33,1007
-66,-33,836
-65,-33,1044
-64,-33,841
-63,-33,844
-62,-33,748
-61,-33,698
-60,-33,438
-59,-33,303
-33,-33,316
-32,-33,629
-31,-33,512
-30,-33,886
-29,-33,888
-28,-33,441
-27,-33,359
-26,-33,879
-25,-33,984
-24,-33,910
-23,-33,1045
-22,-33,748
-21,-33,545
-20,-33,907
-19,-33,708
-18,-33,722
-17,-33,948
-16,-33,1019
-15,-33,725
-14,-33,744
-13,-33,723
-12,-33,504
-11,-33,584
-10,-33,361
-9,-33,384
-8,-33,345
-7,-33,258
-2,-33,253
-1,-33,286
0,-33,214
-86,-32,227
-85,-32,376
-82,-32,453
-81,-32,663
-80,-32,727
-79,-32,819
-78,-32,474
-77,-32,688
-76,-32,1081
-75,-32,790
-74,-32,909
-73,-32,1232
-72,-32,981
-71,-32,1224
-70,-32,1041
-69,-32,908
-68,-32,776
-67,-32,1145
-66,-32,922
-65,-32,908
-64,-32,1055
-63,-32,992
-62,-32,979
-61,-32,539
-60,-32,388
-59,-32,317
-50,-32,233
-44,-32,206
-34,-32,232
-33,-32,439
-32,-32,1475
-31,-32,1086
-30,-32,1029
-29,-32,1267
-28,-32,1000
-27,-32,235
-26,-32,695
-25,-32,865
-24,-32,832
-23,-32,1151
-22,-32,1139
-21,-32,546
-20,-32,732
-19,-32,1227
-18,-32,808
-17,-32,1006
-16,-32,1364
-15,-32,921
-14,-32,1019
-13,-32,649
-12,-32,650
-11,-32,701
-10,-32,814
-9,-32,543
-8,-32,622
-7,-32,201
-2,-32,230
1,-32,275
8,-32,279
-86,-31,397
-85,-31,534
-84,-31,423
-83,-31,348
-82,-31,467
-81,-31,580
-80,-31,749
-79,-31,500
-78,-31,387
-77,-31,758
-76,-31,895
-75,-31,686
-74,-31,745
-73,-31,1146
-72,-31,1510
-71,-31,1749
-70,-31,1160
-69,-31,574
-68,-31,423
-67,-31,887
-66,-31,777
-65,-31,1092
-64,-31,756
-63,-31,383
-62,-31,348
-61,-31,288
-60,-31,207
-59,-31,293
-52,-31,243
-51,-31,388
-50,-31,263
-47,-31,555
-46,-31,276
-43,-31,361
-41,-31,226
-34,-31,229
-33,-31,445
-32,-31,1174
-31,-31,1306
-30,-31,1368
-29,-31,1229
-28,-31,796
-27,-31,461
-26,-31,364
-25,-31,527
-24,-31,488
-23,-31,741
-22,-31,1126
-21,-31,854
-20,-31,603
-19,-31,802
-18,-31,636
-17,-31,844
-16,-31,1060
-15,-31,928
-14,-31,1092
-13,-31,863
-12,-31,725
-11,-31,724
-10,-31,821
-9,-31,566
-8,-31,451
-7,-31,281
1,-31,337
7,-31,241
-87,-30,371
-86,-30,421
-85,-30,484
-84,-30,463
-83,-30,355
-82,-30,434
-81,-30,298
-79,-30,246
-78,-30,234
-77,-30,583
-76,-30,1001
-75,-30,276
-74,-30,327
-73,-30,743
-72,-30,980
-71,-30,966
-70,-30,343
-68,-30,259
-67,-30,514
-66,-30,351
-65,-30,549
-64,-30,406
-55,-30,214
-53,-30,452
-52,-30,739
-51,-30,572
-50,-30,611
-49,-30,432
-48,-30,439
-47,-30,596
-46,-30,789
-45,-30,529
-44,-30,572
-43,-30,474
-42,-30,430
-41,-30,517
-40,-30,397
-39,-30,263
-38,-30,278
-33,-30,497
-32,-30,770
-31,-30,1082
-30,-30,481
-29,-30,506
-28,-30,622
-25,-30,425
-24,-30,264
-23,-30,415
-22,-30,692
-21,-30,668
-20,-30,479
-19,-30,465
-18,-30,387
-17,-30,647
-16,-30,556
-15,-30,467
-14,-30,590
-13,-30,662
-12,-30,587
-11,-30,436
-10,-30,642
-9,-30,307
-8,-30,526
-7,-30,490
-6,-30,208
0,-30,271
1,-30,241
2,-30,307
7,-30,235
8,-30,235
18,-30,219
19,-30,273
20,-30,223
-94,-29,238
-93,-29,258
-87,-29,475
-86,-29,314
-85,-29,223
-84,-29,489
-83,-29,637
-82,-29,671
-81,-29,506
-80,-29,216
-78,-29,327
-77,-29,1078
-76,-29,873
-75,-29,284
-73,-29,225
-72,-29,394
-71,-29,362
-67,-29,257
-65,-29,326
-64,-29,261
-55,-29,1002
-54,-29,874
-53,-29,796
-52,-29,1140
-51,-29,707
-50,-29,832
-49,-29,854
-48,-29,767
-47,-29,802
-46,-29,1124
-45,-29,888
-44,-29,1144
-43,-29,939
-42,-29,822
-41,-29,871
-40,-29,618
-39,-29,447
-38,-29,358
-34,-29,596
-33,-29,815
-32,-29,1164
-31,-29,993
-30,-29,485
-25,-29,217
-23,-29,248
-22,-29,441
-21,-29,579
-20,-29,640
-19,-29,373
-18,-29,227
-17,-29,306
-16,-29,544
-15,-29,444
-14,-29,385
-13,-29,423
-12,-29,407
-8,-29,219
-7,-29,531
-6,-29,347
-5,-29,566
-4,-29,469
-1,-29,306
0,-29,548
1,-29,273
2,-29,405
3,-29,300
4,-29,275
7,-29,578
8,-29,245
13,-29,214
14,-29,268
15,-29,282
16,-29,225
18,-29,251
19,-29,319
20,-29,345
-109,-28,212
-106,-28,221
-105,-28,220
-95,-28,412
-94,-28,452
-93,-28,518
-88,-28,256
-87,-28,429
-86,-28,302
-85,-28,573
-84,-28,709
-83,-28,886
-82,-28,581
-81,-28,483
-80,-28,538
-79,-28,259
-77,-28,293
-76,-28,263
-65,-28,230
-60,-28,336
-56,-28,509
-55,-28,1121
-54,-28,978
-53,-28,621
-52,-28,930
-51,-28,801
-50,-28,835
-49,-28,936
-48,-28,662
-47,-28,886
-46,-28,1036
-45,-28,1169
-44,-28,974
-43,-28,829
-42,-28,735
-41,-28,776
-40,-28,463
-39,-28,224
-38,-28,387
-37,-28,277
-36,-28,330
-35,-28,636
-34,-28,638
-33,-28,628
-32,-28,833
-31,-28,599
-30,-28,349
-22,-28,214
-21,-28,312
-20,-28,393
-19,-28,472
-18,-28,241
-17,-28,314
-16,-28,396
-15,-28,349
-14,-28,368
-6,-28,247
-5,-28,266
-4,-28,378
-2,-28,403
-1,-28,725
0,-28,521
1,-28,466
2,-28,413
3,-28,564
4,-28,348
6,-28,243
7,-28,470
8,-28,496
11,-28,285
12,-28,286
13,-28,271
14,-28,295
15,-28,224
16,-28,303
17,-28,286
18,-28,345
19,-28,516
20,-28,259
21,-28,227
69,-28,204
-110,-27,314
-107,-27,239
-106,-27,330
-96,-27,295
-95,-27,405
-94,-27,707
-93,-27,536
-92,-27,536
-91,-27,403
-88,-27,476
-87,-27,622
-86,-27,544
-85,-27,621
-84,-27,676
-83,-27,760
-82,-27,610
-81,-27,335
-80,-27,491
-79,-27,376
-77,-27,219
-76,-27,204
-61,-27,202
-60,-27,375
-59,-27,383
-58,-27,316
-57,-27,458
-56,-27,900
-55,-27,1115
-54,-27,989
-53,-27,962
-52,-27,859
-51,-27,637
-50,-27,835
-49,-27,559
-48,-27,535
-47,-27,695
-46,-27,929
-45,-27,808
-44,-27,779
-43,-27,831
-42,-27,586
-41,-27,664
-40,-27,412
-39,-27,306
-38,-27,293
-37,-27,289
-36,-27,371
-35,-27,520
-34,-27,504
-33,-27,477
-32,-27,438
-31,-27,368
-30,-27,255
-29,-27,213
-23,-27,242
-22,-27,267
-21,-27,256
-20,-27,205
-19,-27,472
-18,-27,361
-17,-27,266
-14,-27,359
-5,-27,240
-1,-27,380
0,-27,476
1,-27,533
2,-27,417
3,-27,396
4,-27,479
11,-27,290
12,-27,407
13,-27,260
15,-27,203
16,-27,276
17,-27,293
18,-27,336
19,-27,794
20,-27,221
21,-27,236
46,-27,352
47,-27,326
-109,-26,237
-108,-26,269
-107,-26,304
-106,-26,349
-105,-26,339
-104,-26,239
-97,-26,215
-96,-26,430
-95,-26,571
-94,-26,727
-93,-26,792
-92,-26,817
-91,-26,356
-90,-26,233
-89,-26,220
-88,-26,644
-87,-26,764
-86,-26,478
-85,-26,690
-84,-26,728
-83,-26,753
-82,-26,663
-80,-26,220
-79,-26,230
-77,-26,208
-61,-26,395
-60,-26,394
-59,-26,467
-58,-26,885
-57,-26,788
-56,-26,1209
-55,-26,1320
-54,-26,1032
-53,-26,1173
-52,-26,986
-51,-26,790
-50,-26,994
-49,-26,703
-48,-26,613
-47,-26,1029
-46,-26,1334
-45,-26,822
-44,-26,1042
-43,-26,935
-42,-26,686
-41,-26,800
-40,-26,494
-39,-26,384
-38,-26,398
-37,-26,341
-36,-26,347
-35,-26,378
-34,-26,618
-33,-26,633
-32,-26,560
-31,-26,361
-30,-26,351
-29,-26,387
-22,-26,231
-21,-26,230
-20,-26,275
-19,-26,591
-18,-26,459
-17,-26,494
-16,-26,333
-15,-26,417
-14,-26,484
-13,-26,337
-7,-26,231
0,-26,384
1,-26,568
2,-26,275
4,-26,235
12,-26,321
13,-26,360
15,-26,304
16,-26,213
17,-26,431
18,-26,204
19,-26,330
20,-26,295
22,-26,211
32,-26,345
47,-26,304
-109,-25,250
-108,-25,214
-107,-25,363
-106,-25,439
-105,-25,336
-104,-25,280
-103,-25,293
-97,-25,431
-96,-25,571
-95,-25,980
-94,-25,742
-93,-25,897
-92,-25,615
-91,-25,440
-90,-25,439
-89,-25,388
-88,-25,687
-87,-25,1057
-86,-25,390
-85,-25,298
-84,-25,452
-83,-25,1159
-82,-25,602
-71,-25,558
-70,-25,364
-60,-25,527
-59,-25,581
-58,-25,630
-57,-25,990
-56,-25,1406
-55,-25,1390
-54,-25,1371
-53,-25,1220
-52,-25,1172
-51,-25,940
-50,-25,1149
-49,-25,1072
-48,-25,899
-47,-25,964
-46,-25,1156
-45,-25,1061
-44,-25,851
-43,-25,1014
-42,-25,753
-41,-25,615
-40,-25,415
-39,-25,292
-38,-25,436
-37,-25,608
-36,-25,484
-35,-25,413
-34,-25,560
-33,-25,541
-32,-25,593
-31,-25,452
-30,-25,364
-29,-25,399
-28,-25,309
-16,-25,251
-15,-25,254
-14,-25,637
-13,-25,580
-12,-25,239
-5,-25,298
14,-25,203
17,-25,357
18,-25,331
31,-25,214
32,-25,746
33,-25,275
-116,-24,211
-108,-24,315
-107,-24,367
-106,-24,472
-105,-24,400
-104,-24,314
-103,-24,218
-98,-24,260
-97,-24,584
-96,-24,1036
-95,-24,1047
-94,-24,1456
-93,-24,858
-92,-24,729
-91,-24,482
-90,-24,347
-89,-24,489
-88,-24,814
-87,-24,623
-84,-24,387
-83,-24,710
-74,-24,292
-73,-24,213
-72,-24,279
-71,-24,375
-70,-24,346
-61,-24,361
-60,-24,557
-59,-24,428
-58,-24,452
-57,-24,727
-56,-24,1063
-55,-24,896
-54,-24,756
-53,-24,767
-52,-24,981
-51,-24,625
-50,-24,795
-49,-24,726
-48,-24,568
-47,-24,630
-46,-24,673
-45,-24,542
-44,-24,549
-43,-24,742
-42,-24,451
-41,-24,607
-40,-24,285
-39,-24,272
-38,-24,392
-37,-24,494
-36,-24,274
-35,-24,228
-34,-24,292
-33,-24,240
-32,-24,241
-31,-24,463
-30,-24,385
-29,-24,357
-28,-24,322
-21,-24,279
-20,-24,206
-16,-24,326
-15,-24,316
-14,-24,473
-13,-24,496
-12,-24,306
-117,-23,329
-116,-23,241
-115,-23,240
-110,-23,210
-109,-23,226
-108,-23,301
-107,-23,422
-106,-23,518
-105,-23,350
-104,-23,274
-103,-23,211
-101,-23,236
-98,-23,622
-97,-23,797
-96,-23,903
-95,-23,1249
-94,-23,1011
-93,-23,1104
-92,-23,734
-91,-23,488
-90,-23,383
-89,-23,414
-88,-23,830
-87,-23,347
-76,-23,211
-75,-23,352
-74,-23,548
-73,-23,656
-72,-23,383
-71,-23,310
-62,-23,209
-61,-23,482
-60,-23,413
-59,-23,372
-58,-23,511
-57,-23,527
-56,-23,652
-55,-23,866
-54,-23,792
-53,-23,675
-52,-23,741
-51,-23,603
-50,-23,636
-49,-23,799
-48,-23,387
-47,-23,589
-46,-23,560
-45,-23,476
-44,-23,470
-43,-23,501
-42,-23,461
-41,-23,521
-40,-23,422
-39,-23,225
-38,-23,304
-37,-23,358
-36,-23,255
-34,-23,289
-33,-23,308
-32,-23,350
-31,-23,447
-30,-23,468
-29,-23,373
-28,-23,419
-27,-23,454
-26,-23,224
-21,-23,281
-20,-23,208
-19,-23,217
-18,-23,267
-17,-23,240
-16,-23,299
-15,-23,371
-14,-23,391
-13,-23,392
-12,-23,257
11,-23,217
12,-23,253
13,-23,283
14,-23,218
-119,-22,215
-118,-22,244
-117,-22,246
-116,-22,327
-115,-22,234
-114,-22,230
-113,-22,262
-112,-22,287
-111,-22,297
-110,-22,270
-109,-22,241
-108,-22,421
-107,-22,419
-106,-22,379
-105,-22,303
-104,-22,273
-99,-22,320
-98,-22,649
-97,-22,823
-96,-22,1175
-95,-22,1518
-94,-22,1319
-93,-22,1184
-92,-22,526
-91,-22,405
-89,-22,440
-88,-22,957
-76,-22,250
-75,-22,390
-74,-22,458
-73,-22,619
-72,-22,495
-71,-22,477
-70,-22,262
-61,-22,226
-60,-22,338
-59,-22,418
-58,-22,516
-57,-22,482
-56,-22,529
-55,-22,592
-54,-22,438
-53,-22,333
-52,-22,359
-51,-22,476
-50,-22,449
-49,-22,541
-48,-22,375
-47,-22,517
-46,-22,343
-45,-22,389
-44,-22,344
-43,-22,313
-42,-22,237
-41,-22,360
-40,-22,201
-38,-22,220
-37,-22,230
-36,-22,240
-35,-22,329
-34,-22,297
-33,-22,276
-32,-22,375
-31,-22,507
-30,-22,394
-29,-22,485
-28,-22,481
-27,-22,244
-16,-22,230
-14,-22,220
-13,-22,232
13,-22,364
15,-22,256
16,-22,304
17,-22,343
18,-22,386
19,-22,339
20,-22,226
-120,-21,235
-119,-21,282
-118,-21,227
-117,-21,314
-116,-21,304
-115,-21,269
-113,-21,277
-112,-21,359
-111,-21,469
-110,-21,345
-109,-21,372
-108,-21,339
-107,-21,463
-106,-21,347
-105,-21,413
-104,-21,224
-99,-21,494
-98,-21,646
-97,-21,652
-96,-21,1438
-95,-21,1466
-94,-21,1244
-93,-21,867
-92,-21,333
-91,-21,207
-89,-21,495
-88,-21,678
-77,-21,235
-76,-21,429
-75,-21,295
-74,-21,319
-73,-21,513
-72,-21,342
-71,-21,347
-70,-21,492
-69,-21,268
-61,-21,215
-60,-21,261
-59,-21,380
-58,-21,360
-57,-21,342
-56,-21,350
-55,-21,298
-52,-21,201
-51,-21,250
-50,-21,271
-49,-21,308
-47,-21,229
-46,-21,286
-45,-21,249
-44,-21,209
-43,-21,221
-41,-21,224
-38,-21,207
-37,-21,236
-35,-21,225
-34,-21,309
-33,-21,252
-32,-21,348
-31,-21,355
-30,-21,246
-29,-21,336
-28,-21,327
-13,-21,204
17,-21,339
18,-21,386
19,-21,277
20,-21,241
21,-21,249
-122,-20,211
-121,-20,252
-120,-20,222
-119,-20,263
-118,-20,330
-117,-20,327
-116,-20,365
-113,-20,328
-112,-20,572
-111,-20,398
-110,-20,372
-109,-20,390
-108,-20,505
-107,-20,348
-106,-20,402
-105,-20,415
-104,-20,463
-103,-20,274
-99,-20,554
-98,-20,824
-97,-20,694
-96,-20,1255
-95,-20,1620
-94,-20,1667
-93,-20,579
-92,-20,248
-89,-20,354
-88,-20,268
-77,-20,482
-76,-20,424
-75,-20,340
-74,-20,498
-73,-20,522
-72,-20,248
-71,-20,270
-70,-20,584
-69,-20,412
-68,-20,346
-61,-20,254
-60,-20,332
-59,-20,376
-58,-20,464
-57,-20,219
-56,-20,252
-50,-20,383
-47,-20,201
-46,-20,293
-45,-20,203
-44,-20,206
-40,-20,204
-38,-20,266
-37,-20,264
-34,-20,307
-33,-20,201
-29,-20,341
-28,-20,246
-10,-20,228
18,-20,265
19,-20,295
-121,-19,295
-120,-19,313
-119,-19,292
-118,-19,335
-117,-19,286
-116,-19,368
-115,-19,205
-113,-19,350
-112,-19,610
-111,-19,442
-110,-19,413
-109,-19,485
-108,-19,552
-107,-19,450
-106,-19,375
-105,-19,370
-104,-19,463
-103,-19,366
-99,-19,597
-98,-19,620
-97,-19,633
-96,-19,1360
-95,-19,1661
-94,-19,1558
-93,-19,1146
-78,-19,437
-77,-19,777
-76,-19,589
-75,-19,348
-74,-19,377
-73,-19,365
-71,-19,243
-70,-19,242
-69,-19,261
-68,-19,237
-62,-19,245
-61,-19,314
-60,-19,203
-59,-19,282
-58,-19,263
-57,-19,206
-41,-19,235
-28,-19,295
-11,-19,299
-10,-19,225
-5,-19,231
4,-19,256
24,-19,266
96,-19,300
-122,-18,222
-121,-18,326
-120,-18,241
-119,-18,426
-118,-18,415
-117,-18,334
-116,-18,505
-115,-18,343
-114,-18,277
-113,-18,460
-112,-18,613
-111,-18,721
-110,-18,616
-109,-18,492
-108,-18,587
-107,-18,472
-106,-18,421
-105,-18,359
-104,-18,491
-103,-18,413
-99,-18,320
-98,-18,444
-97,-18,703
-96,-18,1289
-95,-18,1808
-94,-18,1571
-93,-18,710
-92,-18,212
-79,-18,207
-78,-18,452
-77,-18,764
-76,-18,719
-75,-18,374
-74,-18,280
-73,-18,202
-70,-18,220
-68,-18,227
-62,-18,213
-61,-18,250
24,-18,208
-122,-17,266
-121,-17,317
-120,-17,432
-119,-17,384
-118,-17,370
-117,-17,502
-116,-17,381
-115,-17,439
-114,-17,485
-113,-17,704
-112,-17,629
-111,-17,661
-110,-17,642
-109,-17,602
-108,-17,576
-107,-17,523
-106,-17,608
-105,-17,482
-104,-17,424
-103,-17,676
-102,-17,231
-99,-17,208
-97,-17,366
-96,-17,732
-95,-17,801
-94,-17,878
-93,-17,409
-92,-17,266
-91,-17,369
-90,-17,385
-79,-17,231
-78,-17,526
-77,-17,763
-76,-17,559
-75,-17,348
-74,-17,441
-73,-17,312
-72,-17,215
-71,-17,294
-70,-17,233
-62,-17,270
-61,-17,253
-5,-17,220
35,-17,336
36,-17,331
64,-17,212
-124,-16,265
-122,-16,307
-121,-16,405
-120,-16,440
-119,-16,483
-118,-16,537
-117,-16,438
-116,-16,622
-115,-16,536
-114,-16,544
-113,-16,737
-112,-16,804
-111,-16,734
-110,-16,693
-109,-16,626
-108,-16,655
-107,-16,506
-106,-16,546
-105,-16,521
-104,-16,695
-103,-16,794
-102,-16,596
-101,-16,209
-94,-16,358
-93,-16,459
-92,-16,291
-91,-16,437
-84,-16,226
-83,-16,409
-79,-16,494
-78,-16,571
-77,-16,718
-76,-16,375
-75,-16,303
-74,-16,257
-73,-16,404
-72,-16,314
-71,-16,252
64,-16,250
-125,-15,285
-123,-15,354
-122,-15,337
-121,-15,291
-120,-15,462
-119,-15,335
-118,-15,564
-117,-15,477
-116,-15,597
-115,-15,807
-114,-15,732
-113,-15,635
-112,-15,849
-111,-15,958
-110,-15,560
-109,-15,527
-108,-15,723
-107,-15,564
-106,-15,818
-105,-15,761
-104,-15,846
-103,-15,868
-102,-15,971
-101,-15,360
-93,-15,287
-92,-15,293
-91,-15,250
-84,-15,257
-83,-15,472
-82,-15,418
-81,-15,308
-80,-15,464
-79,-15,449
-78,-15,436
-77,-15,489
-76,-15,291
-73,-15,279
-125,-14,261
-124,-14,266
-123,-14,288
-122,-14,472
-121,-14,489
-120,-14,323
-119,-14,692
-118,-14,498
-117,-14,748
-116,-14,686
-115,-14,715
-114,-14,1075
-113,-14,673
-112,-14,763
-111,-14,914
-110,-14,614
-109,-14,574
-108,-14,639
-107,-14,682
-106,-14,612
-105,-14,695
-104,-14,704
-103,-14,983
-102,-14,841
-101,-14,338
-84,-14,268
-83,-14,666
-82,-14,577
-81,-14,555
-80,-14,608
-79,-14,596
-78,-14,390
-77,-14,396
44,-14,345
45,-14,300
46,-14,344
47,-14,302
-126,-13,232
-125,-13,268
-124,-13,344
-123,-13,461
-122,-13,407
-121,-13,433
-120,-13,586
-119,-13,626
-118,-13,718
-117,-13,865
-116,-13,1107
-115,-13,899
-114,-13,914
-113,-13,736
-112,-13,986
-111,-13,801
-110,-13,624
-109,-13,546
-108,-13,703
-107,-13,602
-106,-13,629
-105,-13,555
-104,-13,954
-103,-13,610
-102,-13,462
-95,-13,244
-83,-13,456
-82,-13,430
-81,-13,455
-80,-13,708
-79,-13,352
-78,-13,302
-77,-13,259
44,-13,319
45,-13,461
46,-13,417
47,-13,344
48,-13,335
-127,-12,211
-125,-12,337
-124,-12,303
-123,-12,331
-122,-12,584
-121,-12,510
-120,-12,601
-119,-12,603
-118,-12,831
-117,-12,769
-116,-12,968
-115,-12,908
-114,-12,883
-113,-12,761
-112,-12,888
-111,-12,1024
-110,-12,520
-109,-12,437
-108,-12,665
-107,-12,580
-106,-12,319
-105,-12,446
-104,-12,631
-103,-12,374
-83,-12,208
-82,-12,308
-81,-12,296
-80,-12,379
-79,-12,256
-78,-12,226
45,-12,370
46,-12,397
47,-12,373
48,-12,399
-126,-11,446
-124,-11,476
-123,-11,481
-122,-11,536
-121,-11,704
-120,-11,660
-119,-11,1054
-118,-11,757
-117,-11,1089
-116,-11,963
-115,-11,947
-114,-11,995
-113,-11,1205
-112,-11,864
-111,-11,659
-110,-11,595
-109,-11,437
-108,-11,460
-107,-11,583
-106,-11,259
-105,-11,254
-103,-11,209
-83,-11,215
-82,-11,378
-81,-11,299
-80,-11,329
-79,-11,382
46,-11,316
47,-11,404
48,-11,388
49,-11,248
55,-11,323
56,-11,299
90,-11,241
91,-11,222
95,-11,623
-128,-10,313
-127,-10,223
-126,-10,240
-125,-10,552
-124,-10,387
-123,-10,518
-122,-10,708
-121,-10,628
-120,-10,874
-119,-10,714
-118,-10,1257
-117,-10,944
-116,-10,850
-115,-10,1490
-114,-10,844
-113,-10,1011
-112,-10,931
-111,-10,572
-110,-10,270
-109,-10,316
-108,-10,696
-107,-10,652
-106,-10,450
-105,-10,312
-104,-10,280
-101,-10,296
-96,-10,223
-85,-10,241
-83,-10,547
-82,-10,449
-81,-10,280
-80,-10,291
-79,-10,264
43,-10,209
47,-10,271
48,-10,219
49,-10,220
55,-10,342
56,-10,628
90,-10,297
91,-10,474
94,-10,619
95,-10,1376
96,-10,298
-127,-9,327
-126,-9,481
-125,-9,267
-124,-9,677
-123,-9,743
-122,-9,508
-121,-9,840
-120,-9,803
-119,-9,1387
-118,-9,1282
-117,-9,801
-116,-9,1548
-115,-9,969
-114,-9,1022
-113,-9,1338
-112,-9,704
-111,-9,496
-110,-9,235
-109,-9,338
-108,-9,991
-107,-9,762
-106,-9,610
-105,-9,547
-104,-9,202
-103,-9,241
-102,-9,383
-101,-9,263
-83,-9,285
-82,-9,310
43,-9,294
50,-9,222
55,-9,217
56,-9,373
80,-9,251
91,-9,375
92,-9,294
-129,-8,283
-128,-8,236
-127,-8,290
-126,-8,402
-125,-8,463
-124,-8,491
-123,-8,664
-122,-8,798
-121,-8,760
-120,-8,939
-119,-8,1309
-118,-8,920
-117,-8,1843
-116,-8,1175
-115,-8,894
-114,-8,1272
-113,-8,970
-112,-8,694
-111,-8,744
-110,-8,481
-109,-8,470
-108,-8,1143
-107,-8,748
-106,-8,469
-105,-8,595
-104,-8,306
-102,-8,330
-86,-8,259
-85,-8,274
-83,-8,230
-82,-8,237
43,-8,466
44,-8,228
55,-8,520
56,-8,324
78,-8,245
80,-8,408
91,-8,332
92,-8,443
-128,-7,460
-127,-7,313
-126,-7,245
-125,-7,502
-124,-7,901
-123,-7,690
-122,-7,546
-121,-7,1015
-120,-7,1135
-119,-7,876
-118,-7,1698
-117,-7,1402
-116,-7,1118
-115,-7,975
-114,-7,652
-113,-7,666
-112,-7,892
-111,-7,568
-110,-7,493
-109,-7,971
-108,-7,959
-107,-7,432
-106,-7,753
-105,-7,557
-86,-7,337
-85,-7,250
-84,-7,214
54,-7,365
55,-7,382
-131,-6,207
-129,-6,239
-128,-6,218
-127,-6,409
-126,-6,740
-125,-6,579
-124,-6,405
-123,-6,562
-122,-6,1133
-121,-6,1051
-120,-6,574
-119,-6,1572
-118,-6,1450
-117,-6,1388
-116,-6,1089
-115,-6,587
-114,-6,345
-113,-6,512
-112,-6,730
-111,-6,503
-110,-6,395
-109,-6,939
-108,-6,696
-107,-6,353
-106,-6,566
-105,-6,568
-95,-6,202
-86,-6,312
-85,-6,221
-130,-5,261
-129,-5,511
-128,-5,240
-127,-5,277
-126,-5,469
-125,-5,658
-124,-5,849
-123,-5,997
-122,-5,460
-121,-5,544
-120,-5,1549
-119,-5,1324
-118,-5,1361
-117,-5,1096
-116,-5,1170
-115,-5,690
-114,-5,389
-113,-5,355
-112,-5,437
-111,-5,426
-110,-5,264
-109,-5,584
-108,-5,600
-107,-5,232
-106,-5,297
-105,-5,471
-87,-5,291
-86,-5,355
-85,-5,293
56,-5,227
-130,-4,223
-129,-4,223
-128,-4,543
-127,-4,754
-126,-4,611
-125,-4,418
-124,-4,572
-123,-4,560
-122,-4,909
-121,-4,1220
-120,-4,1372
-119,-4,1127
-118,-4,687
-117,-4,1526
-116,-4,1120
-115,-4,848
-114,-4,368
-113,-4,332
-112,-4,264
-111,-4,365
-109,-4,288
-108,-4,231
-107,-4,201
-105,-4,307
-88,-4,225
-87,-4,268
-86,-4,369
-130,-3,233
-129,-3,225
-128,-3,298
-127,-3,499
-126,-3,698
-125,-3,893
-124,-3,1174
-123,-3,845
-122,-3,921
-121,-3,655
-120,-3,627
-119,-3,922
-118,-3,1894
-117,-3,1431
-116,-3,979
-115,-3,698
-114,-3,470
-113,-3,419
-112,-3,310
-106,-3,256
-86,-3,295
58,-3,246
-132,-2,220
-131,-2,231
-130,-2,542
-129,-2,522
-128,-2,300
-127,-2,506
-126,-2,425
-125,-2,482
-124,-2,602
-123,-2,424
-122,-2,455
-121,-2,1218
-120,-2,1287
-119,-2,1450
-118,-2,2000
-117,-2,1338
-116,-2,610
-115,-2,491
-114,-2,608
-113,-2,439
-112,-2,298
-106,-2,315
-88,-2,205
-87,-2,204
-86,-2,241
58,-2,281
59,-2,220
83,-2,282
-130,-1,286
-129,-1,275
-128,-1,656
-127,-1,1021
-126,-1,850
-125,-1,938
-124,-1,1208
-123,-1,808
-122,-1,890
-121,-1,1207
-120,-1,1307
-119,-1,1442
-118,-1,1945
-117,-1,884
-116,-1,325
-115,-1,396
-114,-1,435
-113,-1,359
-112,-1,344
-107,-1,366
-106,-1,424
-105,-1,254
-88,-1,202
59,-1,251
-130,0,290
-129,0,285
-128,0,466
-127,0,405
-126,0,427
-125,0,467
-124,0,640
-123,0,374
-122,0,550
-121,0,446
-120,0,654
-119,0,704
-118,0,928
-117,0,391
-112,0,327
-111,0,239
-110,0,337
-109,0,248
-108,0,540
-107,0,658
-106,0,901
-105,0,559
-104,0,284
-87,0,201
45,0,292
-130,1,301
-129,1,296
-128,1,695
-127,1,1046
-126,1,838
-125,1,979
-124,1,1372
-123,1,758
-122,1,744
-121,1,1167
-120,1,1228
-119,1,1409
-118,1,1580
-117,1,694
-116,1,288
-115,1,509
-114,1,304
-113,1,243
-112,1,229
-111,1,295
-110,1,336
-109,1,411
-108,1,412
-107,1,384
-106,1,640
-105,1,432
64,1,225
-132,2,271
-131,2,349
-130,2,653
-129,2,615
-128,2,349
-127,2,505
-126,2,400
-125,2,547
-124,2,747
-123,2,403
-122,2,381
-121,2,1354
-120,2,1173
-119,2,1175
-118,2,1130
-117,2,283
-116,2,246
-115,2,431
-112,2,344
-111,2,381
-110,2,381
-109,2,526
-108,2,420
-107,2,390
-106,2,642
-105,2,553
-104,2,351
-103,2,345
66,2,250
-130,3,350
-129,3,308
-128,3,335
-127,3,493
-126,3,763
-125,3,1168
-124,3,1521
-123,3,750
-122,3,758
-121,3,662
-120,3,602
-119,3,763
-118,3,864
-115,3,399
-113,3,250
-112,3,481
-111,3,369
-110,3,373
-109,3,544
-108,3,452
-107,3,499
-106,3,1045
-105,3,492
-104,3,311
-103,3,239
66,3,296
67,3,204
-130,4,354
-129,4,301
-128,4,600
-127,4,810
-126,4,782
-125,4,633
-124,4,695
-123,4,452
-122,4,579
-121,4,814
-120,4,1264
-119,4,930
-118,4,382
-115,4,309
-113,4,378
-112,4,500
-111,4,500
-110,4,382
-109,4,417
-108,4,864
-107,4,705
-106,4,568
-105,4,610
-104,4,412
-103,4,367
76,4,231
-130,5,417
-129,5,739
-128,5,290
-127,5,328
-126,5,638
-125,5,1055
-124,5,956
-123,5,689
-121,5,212
-120,5,932
-119,5,629
-118,5,606
-114,5,415
-113,5,516
-112,5,422
-111,5,454
-110,5,466
-109,5,475
-108,5,744
-107,5,650
-106,5,517
-105,5,638
-104,5,493
-103,5,287
-131,6,419
-130,6,334
-129,6,367
-128,6,280
-127,6,552
-126,6,1042
-125,6,908
-124,6,422
-123,6,332
-119,6,438
-114,6,367
-113,6,878
-112,6,725
-111,6,538
-110,6,572
-109,6,548
-108,6,496
-107,6,726
-106,6,609
-105,6,526
-104,6,429
-103,6,581
-131,7,324
-130,7,274
-129,7,274
-128,7,618
-127,7,401
-126,7,364
-125,7,866
-124,7,952
-123,7,415
-115,7,239
-114,7,418
-113,7,770
-112,7,862
-111,7,474
-110,7,434
-109,7,711
-108,7,616
-107,7,690
-106,7,709
-105,7,569
-104,7,697
-103,7,574
-130,8,360
-129,8,470
-128,8,290
-127,8,350
-126,8,465
-125,8,671
-124,8,489
-123,8,212
-116,8,211
-114,8,592
-113,8,709
-112,8,610
-111,8,806
-110,8,606
-109,8,517
-108,8,638
-107,8,880
-106,8,612
-105,8,847
-104,8,656
-103,8,592
-102,8,232
81,8,212
-130,9,430
-129,9,260
-127,9,248
-126,9,398
-125,9,321
-124,9,645
-123,9,380
-114,9,412
-113,9,749
-112,9,616
-111,9,642
-110,9,748
-109,9,489
-108,9,781
-107,9,797
-106,9,861
-105,9,694
-104,9,522
-103,9,595
-131,10,307
-130,10,276
-129,10,211
-128,10,248
-125,10,536
-124,10,285
-114,10,339
-113,10,555
-112,10,603
-111,10,876
-110,10,653
-109,10,325
-108,10,954
-107,10,831
-106,10,723
-105,10,575
-104,10,679
-103,10,345
-131,11,326
-130,11,280
-129,11,282
-124,11,293
-113,11,526
-112,11,498
-111,11,632
-110,11,710
-109,11,534
-108,11,770
-107,11,906
-106,11,637
-105,11,722
-104,11,362
-103,11,422
120,11,208
-132,12,230
-129,12,390
-125,12,269
-113,12,262
-112,12,400
-111,12,738
-110,12,524
-109,12,457
-108,12,820
-107,12,703
-106,12,565
-105,12,544
-104,12,468
-103,12,241
84,12,405
-132,13,317
-130,13,312
-122,13,217
-119,13,207
-113,13,239
-112,13,443
-111,13,484
-110,13,384
-109,13,407
-108,13,529
-107,13,628
-106,13,642
-105,13,468
-104,13,391
-134,14,201
-132,14,241
-130,14,233
-122,14,203
-119,14,462
-118,14,214
-111,14,215
-108,14,302
-107,14,706
-106,14,550
-105,14,474
-104,14,244
-135,15,229
-134,15,240
-133,15,211
-132,15,221
-127,15,205
-120,15,239
-119,15,326
-118,15,358
-117,15,249
-109,15,232
-108,15,256
-107,15,533
-106,15,594
-105,15,414
-104,15,274
142,15,273
-135,16,268
-133,16,232
-132,16,208
-131,16,203
-120,16,225
-119,16,488
-118,16,488
-117,16,293
-110,16,201
-109,16,349
-108,16,258
-107,16,429
-106,16,508
-105,16,394
-104,16,342
142,16,268
-135,17,202
-134,17,267
-133,17,255
-129,17,276
-128,17,233
-119,17,369
-118,17,496
-117,17,492
-114,17,420
-113,17,417
-109,17,414
-108,17,260
-107,17,423
-106,17,539
-105,17,434
-135,18,251
-134,18,204
-133,18,201
-132,18,242
-128,18,305
-119,18,268
-118,18,597
-117,18,359
-116,18,325
-115,18,216
-114,18,549
-113,18,366
-112,18,316
-111,18,252
-109,18,345
-108,18,394
-107,18,378
-106,18,475
-105,18,344
-104,18,204
-135,19,234
-134,19,269
-133,19,280
-129,19,214
-128,19,278
-119,19,232
-118,19,470
-117,19,348
-116,19,374
-115,19,254
-114,19,485
-113,19,298
-112,19,368
-111,19,258
-109,19,496
-108,19,473
-107,19,473
-106,19,436
-105,19,255
-134,20,255
-133,20,294
-132,20,252
-118,20,419
-117,20,315
-116,20,240
-115,20,231
-114,20,288
-113,20,216
-112,20,202
-109,20,319
-108,20,477
-107,20,299
-106,20,394
-105,20,245
104,20,270
105,20,370
106,20,207
-133,21,272
-132,21,242
-120,21,230
-119,21,314
-118,21,450
-117,21,649
-116,21,365
-115,21,203
-114,21,271
-108,21,247
-107,21,412
-106,21,339
-105,21,256
89,21,204
104,21,316
105,21,1046
-138,22,213
-134,22,213
-120,22,274
-119,22,376
-118,22,583
-117,22,581
-116,22,534
-114,22,297
-108,22,316
-107,22,315
-106,22,325
89,22,274
104,22,325
105,22,458
-121,23,287
-120,23,543
-119,23,389
-118,23,492
-117,23,849
-116,23,547
-114,23,249
-113,23,213
-112,23,207
-111,23,320
-108,23,292
-107,23,252
-106,23,220
-121,24,350
-120,24,557
-119,24,598
-118,24,429
-117,24,630
-116,24,667
-115,24,355
-114,24,326
-113,24,318
-112,24,267
-111,24,355
-108,24,262
-107,24,243
-106,24,213
89,24,231
90,24,207
-121,25,462
-120,25,556
-119,25,571
-118,25,542
-117,25,600
-116,25,737
-115,25,384
-114,25,458
-113,25,362
-112,25,219
-111,25,313
-107,25,219
-106,25,227
89,25,213
90,25,279
91,25,208
-121,26,457
-120,26,633
-119,26,600
-118,26,582
-117,26,456
-116,26,571
-115,26,487
-114,26,528
-113,26,389
-112,26,367
-111,26,334
-108,26,233
-107,26,234
90,26,261
91,26,267
107,26,238
-121,27,398
-120,27,752
-119,27,641
-118,27,549
-117,27,446
-116,27,755
-115,27,848
-114,27,398
-113,27,429
-112,27,323
-111,27,375
-110,27,288
-107,27,202
89,27,245
90,27,230
110,27,240
111,27,299
-121,28,476
-120,28,567
-119,28,659
-118,28,507
-117,28,518
-116,28,773
-115,28,582
-114,28,478
-113,28,461
-112,28,387
-111,28,315
-110,28,243
91,28,219
109,28,214
110,28,201
-122,29,226
-121,29,368
-120,29,459
-119,29,664
-118,29,532
-117,29,562
-116,29,693
-115,29,669
-114,29,519
-113,29,474
-112,29,325
-111,29,268
88,29,209
91,29,238
97,29,212
98,29,221
109,29,247
110,29,211
111,29,201
-121,30,418
-120,30,381
-119,30,587
-118,30,779
-117,30,488
-116,30,527
-115,30,534
-114,30,564
-113,30,495
-112,30,332
-111,30,240
98,30,201
109,30,246
110,30,267
111,30,210
112,30,208
113,30,206
114,30,207
115,30,323
-124,31,268
-121,31,291
-120,31,416
-119,31,422
-118,31,728
-117,31,514
-116,31,458
-115,31,508
-114,31,724
-113,31,336
-112,31,283
-111,31,238
109,31,329
110,31,303
111,31,303
114,31,396
115,31,365
-120,32,293
-119,32,664
-118,32,397
-117,32,504
-116,32,432
-115,32,642
-114,32,390
-113,32,368
-112,32,323
110,32,265
111,32,231
112,32,229
-119,33,320
-118,33,582
-117,33,591
-116,33,404
-115,33,498
-114,33,488
-113,33,327
-112,33,259
-111,33,258
111,33,295
112,33,258
-119,34,288
-118,34,592
-117,34,331
-116,34,388
-115,34,370
-114,34,515
-113,34,285
-112,34,236
-111,34,231
99,34,241
109,34,207
110,34,289
111,34,535
112,34,241
-118,35,250
-117,35,245
-116,35,227
-115,35,332
-114,35,320
-113,35,276
77,35,279
93,35,225
99,35,229
108,35,255
111,35,466
112,35,228
113,35,207
-126,36,257
-125,36,330
-118,36,240
-114,36,239
-113,36,232
77,36,522
108,36,272
109,36,209
110,36,208
111,36,306
112,36,242
113,36,210
-127,37,207
-126,37,373
-125,37,377
-123,37,228
-113,37,240
93,37,234
96,37,225
105,37,208
107,37,285
108,37,222
110,37,322
111,37,227
112,37,269
113,37,216
-126,38,477
-125,38,334
-122,38,236
-112,38,237
96,38,222
103,38,201
104,38,213
107,38,239
108,38,265
109,38,232
110,38,278
111,38,258
112,38,284
-126,39,201
-125,39,367
97,39,234
101,39,223
103,39,234
104,39,268
105,39,204
108,39,403
111,39,351
114,39,279
-125,40,277
-124,40,235
96,40,263
103,40,294
104,40,266
107,40,209
108,40,221
109,40,228
110,40,250
111,40,215
112,40,241
114,40,209
-135,41,202
-124,41,296
96,41,231
97,41,225
102,41,206
103,41,266
104,41,222
108,41,203
109,41,270
110,41,204
111,41,207
112,41,207
113,41,236
114,41,211
120,41,217
-124,42,214
-84,42,206
95,42,303
96,42,308
105,42,224
109,42,271
110,42,208
111,42,244
112,42,343
113,42,225
120,42,243
-130,43,348
-123,43,225
-108,43,217
95,43,305
96,43,220
103,43,277
105,43,204
109,43,226
110,43,235
111,43,397
112,43,247
114,43,237
119,43,233
-130,44,295
-129,44,260
-108,44,359
-107,44,413
102,44,219
103,44,268
109,44,257
110,44,234
111,44,288
112,44,264
113,44,217
114,44,201
-136,45,215
-130,45,348
-129,45,409
-108,45,326
-107,45,597
-106,45,206
54,45,595
95,45,229
96,45,201
97,45,224
102,45,272
103,45,309
104,45,235
105,45,220
107,45,220
110,45,387
111,45,280
-129,46,422
-128,46,248
-107,46,397
54,46,488
102,46,281
103,46,319
104,46,252
105,46,208
106,46,212
107,46,288
109,46,260
110,46,238
111,46,261
112,46,240
-136,47,259
-129,47,217
-128,47,205
-127,47,303
-107,47,260
101,47,226
102,47,333
103,47,283
104,47,286
105,47,248
106,47,272
107,47,318
108,47,212
109,47,235
110,47,255
111,47,277
-134,48,240
-130,48,202
-128,48,220
101,48,266
102,48,342
103,48,302
104,48,318
105,48,329
106,48,321
107,48,270
108,48,205
109,48,256
110,48,201
111,48,227
-135,49,216
-134,49,251
-127,49,374
-126,49,204
101,49,321
102,49,334
103,49,345
104,49,319
105,49,324
106,49,359
108,49,201
110,49,215
111,49,204
-135,50,227
-133,50,359
-126,50,203
101,50,330
102,50,326
103,50,369
104,50,396
105,50,293
106,50,354
108,50,212
109,50,204
110,50,225
-134,51,300
-133,51,283
101,51,231
102,51,375
103,51,447
104,51,394
105,51,377
106,51,281
108,51,328
109,51,228
110,51,240
111,51,214
-134,52,282
-133,52,223
-132,52,358
101,52,224
102,52,432
103,52,415
104,52,468
105,52,361
106,52,274
107,52,350
108,52,276
110,52,275
-133,53,458
-132,53,336
-131,53,326
101,53,293
102,53,404
103,53,551
104,53,430
105,53,253
107,53,231
108,53,238
-133,54,331
-132,54,251
-131,54,343
99,54,252
100,54,220
101,54,319
102,54,353
103,54,319
104,54,297
105,54,232
-133,55,209
-132,55,493
-131,55,255
-130,55,269
99,55,315
100,55,372
101,55,339
102,55,396
103,55,361
105,55,203
116,55,247
-133,56,210
-132,56,371
-131,56,285
-130,56,453
98,56,311
99,56,281
100,56,326
101,56,431
102,56,433
103,56,288
104,56,319
105,56,249
-133,57,402
-132,57,263
-131,57,604
-130,57,305
-129,57,270
99,57,246
100,57,310
101,57,320
102,57,336
103,57,365
104,57,372
105,57,299
115,57,252
-135,58,216
-133,58,292
-132,58,253
-131,58,449
-130,58,326
-129,58,371
99,58,334
100,58,255
101,58,252
102,58,292
103,58,345
104,58,285
114,58,291
-133,59,202
-132,59,228
-131,59,519
-130,59,659
-129,59,280
-128,59,259
-40,59,348
-39,59,347
95,59,204
98,59,271
99,59,263
100,59,278
101,59,300
102,59,212
103,59,366
104,59,328
105,59,328
106,59,227
-132,60,415
-130,60,649
-128,60,408
-127,60,216
98,60,217
99,60,274
100,60,212
101,60,325
102,60,346
103,60,386
104,60,338
105,60,261
-132,61,280
-131,61,269
-130,61,485
-129,61,468
-128,61,355
-127,61,262
97,61,384
98,61,223
100,61,359
101,61,420
103,61,221
104,61,210
105,61,287
106,61,271
-132,62,213
-131,62,239
-130,62,619
-129,62,485
-128,62,228
-127,62,241
98,62,240
99,62,221
100,62,287
101,62,239
102,62,441
103,62,302
104,62,374
105,62,279
-132,63,287
-130,63,402
-129,63,630
-128,63,256
-127,63,348
-126,63,204
99,63,249
101,63,279
102,63,275
103,63,266
104,63,294
105,63,243
106,63,265
107,63,240
122,63,238
-132,64,210
-130,64,345
-129,64,458
-127,64,235
-126,64,239
98,64,211
100,64,338
101,64,260
102,64,261
103,64,309
104,64,253
105,64,245
-130,65,275
-129,65,404
-128,65,284
-127,65,300
98,65,262
99,65,228
101,65,419
102,65,257
105,65,313
117,65,229
-130,66,368
-129,66,455
-128,66,281
-127,66,225
96,66,237
98,66,211
99,66,225
100,66,306
102,66,344
112,66,202
116,66,219
-130,67,256
-129,67,302
-127,67,292
96,67,236
99,67,404
101,67,326
102,67,357
103,67,230
108,67,205
111,67,209
116,67,211
-128,68,288
-127,68,289
94,68,201
96,68,224
98,68,204
99,68,326
100,68,286
101,68,243
102,68,389
103,68,336
104,68,279
105,68,253
107,68,204
108,68,204
-128,69,297
-127,69,222
94,69,202
98,69,202
99,69,364
100,69,214
101,69,218
102,69,251
103,69,433
104,69,206
105,69,282
106,69,247
107,69,251
-128,70,279
98,70,207
99,70,348
100,70,203
101,70,309
102,70,253
103,70,387
104,70,221
105,70,273
106,70,340
107,70,247
119,70,216
-128,71,204
92,71,212
96,71,234
97,71,212
99,71,286
100,71,224
101,71,342
102,71,309
103,71,254
104,71,241
105,71,237
106,71,275
-130,72,201
96,72,276
99,72,354
100,72,330
101,72,247
102,72,348
104,72,285
117,72,235
118,72,239
-128,73,208
-127,73,214
96,73,242
98,73,245
99,73,256
100,73,289
101,73,248
102,73,227
104,73,216
116,73,202
117,73,273
118,73,246
-129,74,204
-127,74,223
95,74,206
98,74,244
100,74,209
101,74,261
115,74,265
-128,75,217
97,75,224
99,75,201
100,75,303
114,75,286
115,75,380
116,75,274
117,75,256
-127,76,219
-126,76,222
-125,76,204
96,76,228
99,76,267
113,76,236
114,76,262
115,76,201
-127,77,216
-126,78,202
97,78,204
113,78,214
-124,79,273
-115,81,205
-124,82,291
111,82,203
-123,83,291
-114,83,251
-113,83,204
109,84,224
-113,85,227
108,85,233
-111,86,287
108,86,216
-112,87,207
104,87,215
107,87,237
-113,88,203
103,88,225
104,88,309
105,88,225
102,89,245
103,89,219
104,89,259
105,89,312
102,90,236
103,90,338
104,90,337
102,91,331
103,91,310
101,92,270
102,92,260
-118,93,222
100,93,222
109,93,232
88,113,205
91,113,217
-98,114,255
-98,115,212
-97,115,228
-97,116,221
-96,116,266
-96,117,209
-95,117,257
-94,118,305
-93,118,281
73,131,353
74,131,295
71,132,256
72,132,217
72,133,257
73,133,234
70,134,296
59,135,281
61,135,308
62,135,230
63,135,233
65,135,212
67,135,246
68,135,296
57,137,396
58,137,413
59,137,201
60,137,428
61,137,216
62,137,420
64,137,291
65,137,269
49,138,274
53,138,390
54,138,322
57,138,202
59,138,260
61,138,227
50,139,349
51,139,310
52,139,235
54,139,340
55,139,476
56,139,252
57,139,525
59,139,245
-62,140,224
-59,140,222
45,140,266
47,140,263
48,140,254
49,140,213
51,140,470
52,140,649
54,140,322
55,140,307
57,140,226
59,140,338
-62,141,247
42,141,221
43,141,240
45,141,240
48,141,478
49,141,564
50,141,374
52,141,382
53,141,527
54,141,494
55,141,294
-62,142,247
-61,142,219
-60,142,241
-59,142,552
-58,142,290
-57,142,402
44,142,280
46,142,618
47,142,479
48,142,458
49,142,434
50,142,606
51,142,376
53,142,255
55,142,328
57,142,216
-59,143,219
-57,143,266
38,143,217
41,143,263
42,143,231
43,143,236
44,143,265
45,143,357
46,143,311
47,143,424
48,143,319
49,143,311
50,143,315
51,143,499
-56,144,262
-54,144,246
-52,144,243
33,144,241
34,144,217
35,144,368
36,144,240
37,144,208
38,144,355
39,144,223
40,144,246
41,144,356
42,144,381
43,144,432
44,144,300
45,144,291
47,144,569
49,144,250
52,144,227
-56,145,283
-55,145,308
-54,145,213
-53,145,210
29,145,246
31,145,404
32,145,244
33,145,500
34,145,352
35,145,306
36,145,291
37,145,424
38,145,280
39,145,274
40,145,304
41,145,304
42,145,307
43,145,306
44,145,294
45,145,290
46,145,238
48,145,227
-52,146,209
-49,146,215
-35,146,215
-32,146,229
22,146,230
24,146,203
25,146,250
27,146,309
29,146,226
30,146,253
31,146,216
32,146,401
33,146,243
34,146,291
35,146,424
36,146,282
37,146,295
38,146,296
39,146,301
40,146,306
41,146,286
42,146,297
49,146,209
-49,147,210
-48,147,207
21,147,215
23,147,405
24,147,205
26,147,314
28,147,321
29,147,213
30,147,345
31,147,254
32,147,267
33,147,301
34,147,447
35,147,310
36,147,314
37,147,307
38,147,257
39,147,262
19,148,305
22,148,301
24,148,293
26,148,308
27,148,205
29,148,206
30,148,292
31,148,284
32,148,224
-45,149,228
12,149,279
13,149,243
15,149,338
17,149,220
18,149,333
20,149,363
21,149,209
22,149,258
23,149,328
24,149,219
25,149,260
27,149,220
