45,-140,209
47,-140,206
50,-139,225
49,-138,237
53,-138,238
43,-137,205
46,-137,213
51,-137,204
52,-137,203
57,-137,204
45,-136,219
47,-136,218
54,-136,270
55,-136,279
53,-135,252
58,-135,257
59,-135,215
54,-134,205
55,-134,276
56,-134,215
50,-133,220
53,-133,241
57,-133,309
58,-133,313
59,-133,243
60,-133,258
52,-132,213
55,-132,283
56,-132,211
60,-132,339
61,-132,266
62,-132,265
63,-132,308
53,-131,224
54,-131,203
57,-131,325
58,-131,239
59,-131,319
55,-130,281
56,-130,310
59,-130,348
60,-130,333
61,-130,258
62,-130,351
63,-130,296
64,-130,297
65,-130,260
66,-130,290
-26,-129,280
-25,-129,388
-24,-129,366
-23,-129,236
54,-129,260
57,-129,299
58,-129,255
61,-129,267
62,-129,277
63,-129,373
64,-129,286
65,-129,316
66,-129,388
67,-129,250
59,-128,309
60,-128,347
61,-128,274
63,-128,202
68,-128,251
69,-128,217
57,-127,206
60,-127,289
61,-127,322
62,-127,253
63,-127,366
64,-127,294
65,-127,389
66,-127,283
67,-127,280
68,-127,275
69,-127,290
70,-127,213
62,-126,230
63,-126,301
64,-126,355
65,-126,271
66,-126,271
67,-126,345
68,-126,261
69,-126,245
61,-125,235
64,-125,209
65,-125,297
66,-125,247
70,-125,216
62,-124,201
63,-124,267
67,-124,222
68,-124,232
69,-124,230
70,-124,310
71,-124,222
72,-124,227
73,-124,204
64,-123,221
65,-123,214
68,-123,280
69,-123,293
71,-123,317
72,-123,246
74,-123,319
83,-123,209
65,-122,210
66,-122,207
67,-122,246
68,-122,206
69,-122,204
70,-122,283
71,-122,240
73,-122,332
74,-122,253
75,-122,234
-84,-121,212
65,-121,204
67,-121,225
68,-121,278
69,-121,289
72,-121,335
73,-121,232
74,-121,220
75,-121,213
-84,-120,229
66,-120,206
67,-120,223
69,-120,205
71,-120,313
72,-120,251
73,-120,255
74,-120,290
77,-120,212
79,-120,202
70,-119,280
71,-119,220
72,-119,231
73,-119,325
74,-119,320
76,-119,231
79,-119,285
69,-118,211
72,-118,249
73,-118,276
75,-118,238
76,-118,245
80,-118,302
82,-118,275
71,-117,204
72,-117,208
75,-117,271
76,-117,277
78,-117,305
80,-117,353
82,-117,341
84,-117,267
76,-116,226
78,-116,314
80,-116,351
81,-116,269
82,-116,278
84,-116,312
80,-115,371
81,-115,393
83,-115,318
74,-114,210
79,-114,256
80,-114,201
81,-114,411
82,-114,303
83,-114,373
75,-113,208
76,-113,217
80,-113,244
81,-113,389
82,-113,209
83,-113,400
84,-113,244
85,-113,234
76,-112,231
77,-112,243
79,-112,203
81,-112,332
82,-112,388
83,-112,205
84,-112,275
76,-111,206
77,-111,232
79,-111,244
80,-111,355
82,-111,425
83,-111,201
84,-111,472
86,-111,213
78,-110,201
80,-110,276
81,-110,323
83,-110,362
85,-110,334
81,-109,368
82,-109,258
83,-109,361
84,-109,380
85,-109,283
86,-109,307
87,-109,201
82,-108,307
83,-108,372
84,-108,300
85,-108,371
86,-108,263
88,-108,202
81,-107,267
83,-107,279
85,-107,259
82,-106,276
83,-105,212
90,-104,236
86,-103,266
88,-103,212
90,-103,359
91,-103,342
87,-102,252
88,-102,288
89,-102,292
90,-102,289
91,-102,399
92,-102,358
93,-102,224
87,-101,209
88,-101,286
89,-101,304
90,-101,387
91,-101,340
92,-101,427
93,-101,324
94,-101,329
95,-101,239
89,-100,282
90,-100,331
91,-100,257
92,-100,339
93,-100,478
94,-100,360
95,-100,425
96,-100,244
90,-99,266
91,-99,262
92,-99,262
93,-99,322
94,-99,619
95,-99,368
96,-99,202
90,-98,218
93,-98,265
94,-98,434
95,-98,352
96,-98,258
93,-97,247
94,-97,304
95,-97,418
96,-97,299
84,-96,202
94,-96,250
95,-96,413
96,-96,300
97,-96,262
98,-96,239
99,-96,241
85,-95,202
95,-95,549
96,-95,463
97,-95,408
98,-95,276
99,-95,283
100,-95,321
96,-94,220
97,-94,349
98,-94,397
99,-94,461
100,-94,277
101,-94,264
98,-93,359
99,-93,243
100,-93,387
101,-93,279
100,-92,220
101,-92,407
102,-92,330
101,-91,258
102,-91,407
103,-91,240
101,-90,205
102,-90,237
103,-90,264
104,-90,212
102,-89,231
103,-89,226
105,-89,212
103,-88,258
104,-88,259
-109,-87,249
92,-87,219
104,-87,232
107,-87,214
92,-86,213
93,-86,222
108,-86,224
109,-86,204
92,-85,224
94,-85,253
108,-85,229
110,-85,221
-111,-84,203
93,-84,235
94,-84,256
109,-84,205
111,-84,255
93,-83,252
95,-83,251
110,-83,223
93,-82,236
94,-82,211
111,-82,203
104,-78,255
105,-77,255
106,-77,231
105,-76,217
106,-76,212
105,-75,324
106,-75,256
107,-75,201
113,-75,217
105,-74,363
106,-74,258
107,-74,242
108,-74,251
114,-74,222
105,-73,233
106,-73,508
107,-73,300
108,-73,252
109,-73,208
105,-72,239
106,-72,419
107,-72,403
108,-72,236
109,-72,237
110,-72,207
105,-71,220
106,-71,416
107,-71,358
108,-71,325
109,-71,255
110,-71,286
111,-71,226
105,-70,209
106,-70,456
107,-70,322
108,-70,418
109,-70,257
110,-70,280
111,-70,298
104,-69,204
105,-69,428
106,-69,392
107,-69,371
108,-69,453
109,-69,266
110,-69,291
111,-69,295
112,-69,226
104,-68,280
105,-68,366
106,-68,400
107,-68,414
108,-68,524
109,-68,288
110,-68,293
111,-68,316
112,-68,263
104,-67,260
105,-67,236
106,-67,345
107,-67,412
108,-67,677
109,-67,521
110,-67,513
111,-67,394
112,-67,299
113,-67,218
114,-67,217
105,-66,246
106,-66,364
107,-66,839
108,-66,448
109,-66,352
110,-66,368
111,-66,412
112,-66,398
113,-66,229
114,-66,221
115,-66,216
105,-65,410
106,-65,385
107,-65,278
108,-65,300
109,-65,326
110,-65,365
111,-65,358
112,-65,388
113,-65,339
114,-65,208
105,-64,314
106,-64,315
107,-64,239
108,-64,241
109,-64,302
110,-64,389
111,-64,367
112,-64,351
113,-64,354
114,-64,247
-109,-63,211
-96,-63,513
-95,-63,678
105,-63,329
106,-63,463
107,-63,440
108,-63,321
109,-63,396
110,-63,395
111,-63,372
112,-63,371
113,-63,309
114,-63,438
115,-63,216
-110,-62,208
-96,-62,690
-95,-62,297
103,-62,266
104,-62,304
105,-62,322
106,-62,241
107,-62,391
108,-62,223
109,-62,325
110,-62,583
111,-62,561
112,-62,263
113,-62,373
-96,-61,277
104,-61,290
105,-61,323
106,-61,454
107,-61,329
108,-61,259
109,-61,249
110,-61,320
111,-61,482
112,-61,453
113,-61,297
114,-61,230
93,-60,239
94,-60,226
104,-60,578
105,-60,460
106,-60,258
107,-60,413
108,-60,454
109,-60,332
110,-60,332
111,-60,351
112,-60,447
113,-60,506
114,-60,237
115,-60,209
93,-59,231
94,-59,254
95,-59,217
104,-59,316
105,-59,601
106,-59,422
107,-59,341
108,-59,293
109,-59,337
110,-59,351
111,-59,369
112,-59,353
113,-59,273
114,-59,255
115,-59,203
94,-58,262
95,-58,248
96,-58,272
104,-58,245
105,-58,312
106,-58,281
107,-58,465
108,-58,414
109,-58,412
110,-58,289
111,-58,385
112,-58,367
113,-58,243
114,-58,313
94,-57,342
95,-57,290
96,-57,251
104,-57,254
105,-57,421
106,-57,384
107,-57,469
108,-57,381
109,-57,282
110,-57,469
111,-57,331
112,-57,395
113,-57,322
115,-57,227
90,-56,251
91,-56,238
94,-56,246
95,-56,316
96,-56,293
97,-56,230
104,-56,393
105,-56,575
106,-56,249
107,-56,318
108,-56,504
109,-56,457
110,-56,349
111,-56,532
112,-56,400
113,-56,334
90,-55,228
91,-55,226
92,-55,215
93,-55,242
95,-55,451
96,-55,374
97,-55,277
104,-55,225
105,-55,510
106,-55,543
107,-55,591
108,-55,417
109,-55,319
110,-55,625
111,-55,366
112,-55,396
113,-55,280
114,-55,264
115,-55,211
116,-55,203
86,-54,235
87,-54,214
88,-54,242
90,-54,225
91,-54,328
92,-54,246
93,-54,287
94,-54,304
95,-54,478
96,-54,459
97,-54,377
98,-54,261
99,-54,201
104,-54,223
105,-54,577
106,-54,621
107,-54,495
108,-54,459
109,-54,503
110,-54,437
111,-54,497
112,-54,304
113,-54,384
86,-53,219
87,-53,222
88,-53,279
89,-53,208
90,-53,305
91,-53,280
92,-53,315
93,-53,416
94,-53,504
95,-53,442
96,-53,487
97,-53,451
98,-53,315
99,-53,248
105,-53,354
106,-53,552
107,-53,709
108,-53,660
109,-53,479
110,-53,463
111,-53,406
112,-53,471
113,-53,243
114,-53,323
87,-52,210
88,-52,244
89,-52,261
90,-52,218
91,-52,320
92,-52,386
93,-52,423
94,-52,545
95,-52,520
96,-52,487
97,-52,492
98,-52,410
99,-52,228
100,-52,229
106,-52,577
107,-52,662
108,-52,570
109,-52,551
110,-52,616
111,-52,431
112,-52,289
113,-52,374
114,-52,307
88,-51,299
89,-51,217
90,-51,257
91,-51,268
92,-51,379
93,-51,481
94,-51,500
95,-51,544
96,-51,824
97,-51,714
98,-51,496
99,-51,300
106,-51,443
107,-51,500
108,-51,671
109,-51,575
110,-51,522
111,-51,478
112,-51,390
113,-51,241
114,-51,220
115,-51,229
116,-51,230
88,-50,265
89,-50,225
90,-50,220
91,-50,234
92,-50,381
93,-50,356
94,-50,630
95,-50,800
96,-50,758
97,-50,628
98,-50,570
99,-50,225
106,-50,470
107,-50,522
108,-50,634
109,-50,709
110,-50,608
111,-50,403
112,-50,257
113,-50,255
114,-50,239
88,-49,227
89,-49,212
90,-49,332
91,-49,250
92,-49,423
93,-49,558
94,-49,623
95,-49,598
96,-49,645
97,-49,597
98,-49,488
106,-49,425
107,-49,490
108,-49,666
109,-49,585
110,-49,559
111,-49,468
112,-49,276
113,-49,236
114,-49,208
86,-48,224
87,-48,207
88,-48,229
89,-48,255
90,-48,371
91,-48,411
92,-48,530
93,-48,490
94,-48,586
95,-48,691
96,-48,751
97,-48,583
98,-48,389
104,-48,234
105,-48,210
106,-48,360
107,-48,504
108,-48,550
109,-48,731
110,-48,464
111,-48,470
112,-48,307
113,-48,258
85,-47,208
86,-47,300
87,-47,386
88,-47,240
89,-47,261
90,-47,337
91,-47,497
92,-47,632
93,-47,662
94,-47,792
95,-47,854
96,-47,576
97,-47,582
98,-47,582
99,-47,209
104,-47,261
105,-47,240
106,-47,291
107,-47,539
108,-47,511
109,-47,524
110,-47,479
111,-47,470
112,-47,314
86,-46,216
87,-46,367
88,-46,485
89,-46,239
90,-46,272
91,-46,554
92,-46,512
93,-46,736
94,-46,828
95,-46,546
96,-46,585
97,-46,521
98,-46,582
99,-46,326
104,-46,243
105,-46,236
106,-46,247
107,-46,374
108,-46,306
109,-46,484
110,-46,327
111,-46,390
112,-46,323
87,-45,263
88,-45,303
89,-45,303
90,-45,344
91,-45,314
92,-45,712
93,-45,784
94,-45,695
95,-45,567
96,-45,698
97,-45,714
98,-45,281
99,-45,258
105,-45,306
106,-45,249
107,-45,249
108,-45,259
109,-45,319
110,-45,392
111,-45,320
112,-45,232
88,-44,268
89,-44,315
90,-44,407
91,-44,340
92,-44,743
93,-44,873
94,-44,829
95,-44,489
96,-44,345
97,-44,374
98,-44,316
106,-44,234
107,-44,286
108,-44,240
109,-44,295
110,-44,240
111,-44,234
112,-44,232
85,-43,255
86,-43,252
88,-43,212
89,-43,340
90,-43,424
91,-43,345
92,-43,717
93,-43,688
94,-43,700
95,-43,461
96,-43,236
97,-43,331
98,-43,257
106,-43,217
107,-43,356
108,-43,241
109,-43,203
110,-43,282
111,-43,259
112,-43,205
85,-42,282
86,-42,290
87,-42,236
88,-42,258
89,-42,325
90,-42,412
91,-42,398
92,-42,560
93,-42,996
94,-42,979
95,-42,595
107,-42,308
108,-42,271
109,-42,219
110,-42,249
111,-42,222
112,-42,272
85,-41,236
86,-41,279
87,-41,274
88,-41,425
89,-41,516
90,-41,606
91,-41,490
92,-41,845
93,-41,1121
94,-41,1041
95,-41,512
107,-41,242
108,-41,233
111,-41,216
87,-40,334
88,-40,524
89,-40,581
90,-40,618
91,-40,753
92,-40,699
93,-40,1202
94,-40,988
95,-40,602
107,-40,220
111,-40,209
85,-39,246
87,-39,440
88,-39,724
89,-39,907
90,-39,913
91,-39,626
92,-39,857
93,-39,760
94,-39,815
95,-39,597
111,-39,244
85,-38,283
86,-38,367
87,-38,416
88,-38,559
89,-38,691
90,-38,763
91,-38,763
92,-38,363
93,-38,367
94,-38,428
112,-38,246
85,-37,357
86,-37,469
87,-37,507
88,-37,552
89,-37,437
90,-37,689
91,-37,782
92,-37,237
93,-37,223
85,-36,465
86,-36,584
87,-36,762
88,-36,568
89,-36,362
90,-36,506
91,-36,758
92,-36,752
99,-36,231
82,-35,269
85,-35,350
86,-35,508
87,-35,651
88,-35,735
89,-35,294
90,-35,279
91,-35,653
92,-35,1078
99,-35,382
100,-35,243
83,-34,329
85,-34,222
86,-34,524
87,-34,820
88,-34,448
89,-34,277
90,-34,250
91,-34,359
92,-34,465
99,-34,337
100,-34,240
83,-33,449
86,-33,340
87,-33,576
88,-33,273
93,-33,214
99,-33,310
100,-33,223
82,-32,239
83,-32,409
84,-32,245
85,-32,285
86,-32,293
87,-32,368
88,-32,459
89,-32,356
90,-32,257
91,-32,218
93,-32,228
98,-32,219
99,-32,299
100,-32,243
101,-32,222
83,-31,381
84,-31,468
85,-31,504
86,-31,441
87,-31,540
88,-31,409
89,-31,523
90,-31,405
91,-31,436
92,-31,212
97,-31,263
98,-31,496
99,-31,432
100,-31,363
101,-31,302
102,-31,307
103,-31,272
104,-31,212
83,-30,207
84,-30,481
85,-30,456
86,-30,480
87,-30,677
88,-30,729
89,-30,389
90,-30,432
91,-30,327
97,-30,318
98,-30,319
99,-30,420
100,-30,430
101,-30,268
102,-30,302
103,-30,300
104,-30,295
105,-30,202
83,-29,242
84,-29,404
85,-29,223
86,-29,463
87,-29,796
88,-29,679
89,-29,687
97,-29,217
98,-29,317
99,-29,288
100,-29,295
101,-29,358
103,-29,324
104,-29,213
83,-28,324
84,-28,502
85,-28,359
86,-28,436
87,-28,704
88,-28,826
89,-28,766
90,-28,332
98,-28,313
99,-28,264
100,-28,424
101,-28,316
84,-27,312
85,-27,471
86,-27,546
87,-27,663
88,-27,679
89,-27,715
90,-27,828
97,-27,290
98,-27,362
99,-27,261
100,-27,320
101,-27,243
84,-26,396
85,-26,804
86,-26,497
87,-26,446
88,-26,338
89,-26,686
90,-26,560
98,-26,331
99,-26,252
100,-26,306
101,-26,241
67,-25,234
79,-25,252
84,-25,441
85,-25,733
86,-25,1196
87,-25,226
97,-25,330
98,-25,303
99,-25,396
100,-25,297
104,-25,201
70,-24,208
78,-24,240
79,-24,515
80,-24,333
81,-24,376
82,-24,438
84,-24,242
85,-24,678
86,-24,815
87,-24,225
97,-24,347
98,-24,518
99,-24,663
100,-24,348
101,-24,251
104,-24,223
-122,-23,244
67,-23,229
77,-23,286
78,-23,579
79,-23,757
80,-23,768
81,-23,919
82,-23,636
83,-23,443
84,-23,369
85,-23,671
86,-23,916
87,-23,404
97,-23,359
98,-23,700
99,-23,541
100,-23,345
101,-23,254
102,-23,254
103,-23,238
-122,-22,209
-121,-22,210
71,-22,218
77,-22,244
78,-22,414
79,-22,817
80,-22,1095
81,-22,901
82,-22,707
83,-22,681
84,-22,395
85,-22,331
86,-22,935
87,-22,520
97,-22,305
98,-22,654
99,-22,495
100,-22,361
101,-22,257
103,-22,261
104,-22,206
67,-21,230
68,-21,215
70,-21,248
77,-21,343
78,-21,502
79,-21,915
80,-21,1153
81,-21,910
82,-21,838
83,-21,657
84,-21,364
86,-21,496
87,-21,711
98,-21,421
99,-21,532
100,-21,260
101,-21,207
102,-21,214
-122,-20,206
70,-20,218
77,-20,466
78,-20,680
79,-20,1244
80,-20,1484
81,-20,1251
82,-20,1690
83,-20,590
84,-20,338
86,-20,307
87,-20,602
97,-20,241
98,-20,382
99,-20,465
100,-20,356
67,-19,233
68,-19,267
69,-19,215
77,-19,497
78,-19,845
79,-19,1467
80,-19,1619
81,-19,1477
82,-19,1048
83,-19,906
84,-19,267
97,-19,241
98,-19,423
99,-19,456
100,-19,303
-123,-18,205
65,-18,219
67,-18,211
68,-18,337
69,-18,280
70,-18,247
77,-18,531
78,-18,728
79,-18,1244
80,-18,1555
81,-18,1463
82,-18,1575
83,-18,501
84,-18,234
94,-18,360
95,-18,236
96,-18,276
97,-18,359
98,-18,500
99,-18,331
100,-18,304
-123,-17,208
-5,-17,1014
-4,-17,820
-3,-17,453
64,-17,214
65,-17,301
66,-17,293
67,-17,441
68,-17,471
69,-17,510
70,-17,520
71,-17,438
72,-17,324
73,-17,272
74,-17,320
75,-17,258
77,-17,576
78,-17,731
79,-17,889
80,-17,1747
81,-17,1903
82,-17,2091
83,-17,1442
84,-17,452
86,-17,222
87,-17,247
93,-17,325
94,-17,427
95,-17,406
96,-17,421
97,-17,494
98,-17,441
99,-17,308
100,-17,208
-124,-16,246
-80,-16,493
-5,-16,573
-4,-16,1214
-3,-16,667
65,-16,518
66,-16,328
67,-16,415
68,-16,508
69,-16,551
70,-16,825
71,-16,591
72,-16,333
73,-16,323
77,-16,564
78,-16,1057
79,-16,1016
80,-16,1125
81,-16,1681
82,-16,2409
83,-16,1660
84,-16,507
85,-16,251
86,-16,491
87,-16,288
94,-16,550
95,-16,451
96,-16,411
97,-16,455
98,-16,445
99,-16,273
100,-16,230
66,-15,287
67,-15,274
68,-15,521
69,-15,551
70,-15,680
71,-15,500
72,-15,331
77,-15,262
78,-15,620
79,-15,512
80,-15,988
81,-15,1175
82,-15,1376
83,-15,1099
84,-15,399
85,-15,272
86,-15,464
94,-15,340
95,-15,367
96,-15,335
97,-15,322
98,-15,356
99,-15,263
100,-15,204
58,-14,207
59,-14,230
62,-14,285
63,-14,220
64,-14,217
66,-14,264
67,-14,409
68,-14,592
69,-14,588
70,-14,821
71,-14,613
72,-14,568
73,-14,779
74,-14,332
78,-14,366
79,-14,335
80,-14,395
81,-14,467
82,-14,289
84,-14,548
85,-14,242
86,-14,367
96,-14,303
97,-14,308
98,-14,313
99,-14,250
58,-13,219
59,-13,228
60,-13,338
61,-13,432
62,-13,350
63,-13,319
64,-13,443
65,-13,454
66,-13,495
67,-13,599
68,-13,592
69,-13,682
70,-13,626
71,-13,532
72,-13,522
73,-13,770
74,-13,619
75,-13,255
96,-13,284
97,-13,240
98,-13,241
99,-13,234
59,-12,329
60,-12,394
61,-12,450
62,-12,463
63,-12,283
64,-12,527
65,-12,661
66,-12,601
67,-12,626
68,-12,643
69,-12,657
70,-12,688
71,-12,650
72,-12,574
73,-12,543
74,-12,814
75,-12,763
76,-12,680
77,-12,240
83,-12,235
96,-12,405
97,-12,311
98,-12,212
99,-12,215
-99,-11,221
55,-11,232
56,-11,282
57,-11,229
58,-11,291
59,-11,567
60,-11,558
61,-11,643
62,-11,528
63,-11,301
64,-11,527
65,-11,917
66,-11,1011
67,-11,898
68,-11,1127
69,-11,841
70,-11,1110
71,-11,823
72,-11,803
73,-11,908
74,-11,1192
75,-11,1072
76,-11,1110
77,-11,653
83,-11,212
95,-11,226
96,-11,399
97,-11,259
98,-11,212
-101,-10,207
-99,-10,320
-89,-10,278
-88,-10,505
-84,-10,273
56,-10,476
57,-10,414
58,-10,450
59,-10,750
60,-10,574
61,-10,805
62,-10,626
63,-10,418
64,-10,624
65,-10,1211
66,-10,1054
67,-10,1506
68,-10,1176
69,-10,966
70,-10,954
71,-10,1050
72,-10,921
73,-10,1412
74,-10,867
75,-10,1457
76,-10,1286
77,-10,623
96,-10,220
97,-10,229
-88,-9,451
-85,-9,621
-84,-9,1680
-83,-9,321
54,-9,201
55,-9,249
56,-9,456
57,-9,441
58,-9,617
59,-9,689
60,-9,629
61,-9,710
62,-9,842
63,-9,780
64,-9,1094
65,-9,1061
66,-9,1028
67,-9,1259
68,-9,1172
69,-9,609
70,-9,870
71,-9,1061
72,-9,664
73,-9,877
74,-9,861
75,-9,837
76,-9,444
77,-9,248
83,-9,212
-88,-8,377
-87,-8,336
53,-8,228
54,-8,233
55,-8,415
56,-8,571
57,-8,614
58,-8,904
59,-8,915
60,-8,880
61,-8,1098
62,-8,1150
63,-8,1347
64,-8,1418
65,-8,1245
66,-8,1020
67,-8,1554
68,-8,1765
69,-8,870
70,-8,865
71,-8,1083
72,-8,766
73,-8,464
74,-8,442
75,-8,348
76,-8,260
77,-8,262
78,-8,300
93,-8,246
94,-8,260
95,-8,215
-88,-7,430
-87,-7,284
52,-7,264
53,-7,311
54,-7,442
55,-7,556
56,-7,741
57,-7,782
58,-7,865
59,-7,1100
60,-7,1115
61,-7,1343
62,-7,1735
63,-7,1617
64,-7,1940
65,-7,2099
66,-7,1569
67,-7,1767
68,-7,1385
69,-7,776
70,-7,859
71,-7,696
72,-7,1022
73,-7,701
74,-7,697
75,-7,354
76,-7,255
77,-7,299
78,-7,453
93,-7,276
94,-7,234
95,-7,214
-22,-6,212
-21,-6,227
-20,-6,291
52,-6,230
53,-6,425
54,-6,474
55,-6,674
56,-6,768
57,-6,768
58,-6,1029
59,-6,1138
60,-6,1087
61,-6,1236
62,-6,1837
63,-6,1458
64,-6,1792
65,-6,1695
66,-6,1498
67,-6,1552
68,-6,912
69,-6,274
70,-6,349
71,-6,1075
72,-6,1199
73,-6,759
74,-6,657
75,-6,338
76,-6,374
77,-6,283
78,-6,278
93,-6,277
94,-6,343
-22,-5,275
-21,-5,556
-20,-5,701
-19,-5,390
50,-5,261
51,-5,257
52,-5,356
53,-5,724
54,-5,662
55,-5,818
56,-5,1091
57,-5,1165
58,-5,1418
59,-5,1760
60,-5,1885
61,-5,2642
62,-5,2227
63,-5,1899
64,-5,2321
65,-5,2261
66,-5,1742
67,-5,1856
68,-5,1207
69,-5,870
70,-5,996
71,-5,1523
72,-5,1007
73,-5,901
74,-5,1237
75,-5,688
92,-5,220
93,-5,306
94,-5,234
-22,-4,263
-21,-4,734
-20,-4,1495
-19,-4,453
50,-4,394
51,-4,473
52,-4,669
53,-4,876
54,-4,786
55,-4,1224
56,-4,1585
57,-4,1300
58,-4,1322
59,-4,2272
60,-4,1956
61,-4,2429
62,-4,3159
63,-4,2358
64,-4,2068
65,-4,1457
66,-4,1152
67,-4,1080
68,-4,1515
69,-4,721
70,-4,490
71,-4,2093
72,-4,1028
73,-4,462
74,-4,765
75,-4,517
93,-4,296
94,-4,289
-23,-3,300
-22,-3,299
-21,-3,612
-20,-3,1307
-19,-3,598
49,-3,216
50,-3,468
51,-3,497
52,-3,666
53,-3,862
54,-3,821
55,-3,1095
56,-3,1491
57,-3,1249
58,-3,1591
59,-3,1803
60,-3,1791
61,-3,2491
62,-3,2381
63,-3,1943
64,-3,2124
65,-3,716
66,-3,440
67,-3,604
68,-3,700
69,-3,514
70,-3,320
71,-3,746
72,-3,254
73,-3,311
74,-3,344
75,-3,337
92,-3,218
93,-3,232
94,-3,223
-97,-2,390
-23,-2,361
-22,-2,264
-21,-2,599
-20,-2,1240
-19,-2,731
47,-2,222
48,-2,251
49,-2,368
50,-2,686
51,-2,738
52,-2,907
53,-2,1171
54,-2,1208
55,-2,1627
56,-2,1855
57,-2,1406
58,-2,1868
59,-2,2111
60,-2,2183
61,-2,2705
62,-2,2998
63,-2,2235
64,-2,2202
65,-2,1116
66,-2,617
67,-2,645
68,-2,508
69,-2,339
70,-2,313
71,-2,323
73,-2,345
74,-2,241
75,-2,219
91,-2,221
-21,-1,252
-20,-1,455
-19,-1,299
47,-1,258
48,-1,393
49,-1,447
50,-1,836
51,-1,815
52,-1,1326
53,-1,1615
54,-1,1546
55,-1,2197
56,-1,1449
57,-1,1546
58,-1,1988
59,-1,1830
60,-1,2156
61,-1,2649
62,-1,3226
63,-1,2328
64,-1,1218
65,-1,638
66,-1,1010
67,-1,864
68,-1,495
69,-1,282
70,-1,292
71,-1,216
73,-1,567
74,-1,636
75,-1,382
47,0,208
48,0,341
49,0,468
50,0,877
51,0,856
52,0,1155
53,0,1454
54,0,1274
55,0,1405
56,0,1915
57,0,1141
58,0,1366
59,0,1623
60,0,1941
61,0,2126
62,0,2741
63,0,1158
64,0,465
65,0,647
66,0,574
67,0,478
68,0,412
69,0,239
70,0,337
71,0,248
72,0,540
73,0,658
74,0,901
75,0,559
76,0,284
93,0,201
43,1,212
47,1,205
48,1,471
49,1,683
50,1,1107
51,1,1023
52,1,1471
53,1,1624
54,1,1581
55,1,2612
56,1,1823
57,1,1418
58,1,1678
59,1,1992
60,1,1978
61,1,2236
62,1,1947
63,1,645
64,1,560
65,1,621
66,1,352
67,1,361
68,1,453
69,1,607
70,1,656
71,1,741
72,1,692
73,1,709
74,1,1060
75,1,833
76,1,456
77,1,237
43,2,309
44,2,279
47,2,390
48,2,472
49,2,726
50,2,1126
51,2,1033
52,2,1066
53,2,1399
54,2,1654
55,2,2519
56,2,1987
57,2,1053
58,2,1019
59,2,1420
60,2,1928
61,2,2040
62,2,1267
64,2,365
65,2,570
66,2,258
67,2,603
68,2,914
69,2,621
70,2,811
71,2,831
72,2,858
73,2,1033
74,2,977
75,2,644
76,2,514
77,2,395
-37,3,213
43,3,303
44,3,277
45,3,218
46,3,368
47,3,363
48,3,398
49,3,639
50,3,1019
51,3,726
52,3,844
53,3,1155
54,3,1214
55,3,1709
56,3,1362
57,3,534
59,3,345
60,3,631
61,3,786
62,3,307
65,3,289
66,3,569
67,3,932
68,3,763
69,3,580
70,3,660
71,3,783
72,3,795
73,3,886
74,3,1007
75,3,645
76,3,618
77,3,312
-114,4,214
-37,4,792
-36,4,209
40,4,340
43,4,472
44,4,482
45,4,375
46,4,536
47,4,450
48,4,523
49,4,746
50,4,1006
51,4,720
52,4,347
53,4,569
54,4,750
55,4,1333
56,4,1214
57,4,228
62,4,211
63,4,273
64,4,380
65,4,413
66,4,1046
67,4,1396
68,4,1372
69,4,751
70,4,630
71,4,1160
72,4,1080
73,4,1091
74,4,855
75,4,597
76,4,706
77,4,532
-114,5,297
-60,5,309
-37,5,252
39,5,330
40,5,522
41,5,329
42,5,256
43,5,685
44,5,600
45,5,586
46,5,694
47,5,701
48,5,493
49,5,596
50,5,579
51,5,317
52,5,328
53,5,209
54,5,433
55,5,619
56,5,391
57,5,265
62,5,270
64,5,310
65,5,554
66,5,1027
67,5,1309
68,5,1170
69,5,999
70,5,1306
71,5,844
72,5,869
73,5,1111
74,5,1139
75,5,954
76,5,767
77,5,753
38,6,300
39,6,381
40,6,514
41,6,327
42,6,256
43,6,570
44,6,665
45,6,613
46,6,686
47,6,438
48,6,346
49,6,429
50,6,252
51,6,336
52,6,359
53,6,286
56,6,310
57,6,367
62,6,216
65,6,358
66,6,755
67,6,952
68,6,1056
69,6,967
70,6,657
71,6,1066
72,6,1040
73,6,1179
74,6,904
75,6,756
76,6,808
77,6,563
-57,7,217
38,7,278
39,7,389
40,7,443
41,7,471
42,7,351
43,7,490
44,7,749
45,7,646
46,7,712
47,7,278
48,7,300
49,7,552
50,7,693
51,7,368
52,7,343
58,7,365
59,7,542
60,7,685
61,7,372
66,7,576
67,7,811
68,7,1180
69,7,911
70,7,983
71,7,1181
72,7,1325
73,7,1162
74,7,1097
75,7,789
76,7,756
77,7,382
30,8,231
32,8,242
36,8,246
37,8,258
38,8,243
39,8,228
40,8,302
41,8,256
42,8,247
43,8,339
44,8,293
50,8,390
51,8,361
58,8,378
59,8,718
60,8,870
61,8,717
62,8,255
66,8,327
67,8,592
68,8,946
69,8,707
70,8,791
71,8,1226
72,8,963
73,8,993
74,8,893
75,8,585
76,8,554
77,8,213
32,9,206
33,9,322
34,9,346
35,9,358
36,9,298
37,9,236
38,9,239
51,9,286
59,9,551
60,9,895
61,9,759
62,9,294
64,9,363
68,9,243
70,9,320
71,9,776
72,9,788
73,9,824
74,9,624
75,9,378
76,9,298
31,10,213
32,10,367
33,10,362
34,10,507
35,10,606
36,10,519
37,10,354
38,10,446
39,10,204
51,10,271
56,10,260
57,10,420
58,10,378
59,10,889
60,10,853
61,10,742
62,10,346
63,10,459
64,10,902
65,10,785
66,10,255
68,10,328
69,10,537
70,10,367
71,10,755
72,10,862
73,10,855
74,10,448
75,10,269
-70,11,259
23,11,280
24,11,222
25,11,201
26,11,267
27,11,254
31,11,226
32,11,402
33,11,504
34,11,619
35,11,545
36,11,609
37,11,602
38,11,561
39,11,310
40,11,239
44,11,217
55,11,668
56,11,912
57,11,900
58,11,779
59,11,1320
60,11,1211
61,11,794
62,11,388
63,11,761
64,11,632
65,11,482
66,11,614
67,11,257
68,11,478
69,11,611
70,11,492
71,11,758
72,11,702
73,11,666
74,11,498
23,12,269
24,12,232
25,12,235
28,12,267
29,12,343
30,12,240
31,12,371
32,12,361
33,12,492
34,12,733
35,12,620
36,12,488
37,12,479
44,12,281
51,12,255
54,12,252
55,12,970
56,12,1330
57,12,1031
58,12,998
59,12,1112
60,12,1135
61,12,774
62,12,279
63,12,384
64,12,262
65,12,233
66,12,232
67,12,210
68,12,564
69,12,585
70,12,568
71,12,663
72,12,559
73,12,464
-94,13,428
-72,13,271
-71,13,232
14,13,264
17,13,273
20,13,257
21,13,264
22,13,279
23,13,261
24,13,275
25,13,339
26,13,336
27,13,360
28,13,529
29,13,594
30,13,521
31,13,669
32,13,374
33,13,595
34,13,1280
35,13,787
36,13,827
41,13,220
43,13,203
44,13,331
47,13,285
50,13,440
51,13,343
53,13,388
54,13,793
55,13,1307
56,13,1705
57,13,1179
58,13,1119
59,13,1180
60,13,1303
61,13,959
62,13,565
63,13,510
64,13,354
65,13,413
66,13,204
67,13,280
68,13,438
69,13,583
70,13,576
71,13,581
72,13,411
73,13,347
-94,14,296
-73,14,283
-72,14,932
-71,14,610
-70,14,339
-68,14,367
-67,14,215
-65,14,257
-41,14,317
-26,14,293
-25,14,431
17,14,230
19,14,224
20,14,277
21,14,261
22,14,297
23,14,307
24,14,222
25,14,326
26,14,487
27,14,465
28,14,697
29,14,608
30,14,588
31,14,819
32,14,984
33,14,1123
34,14,1428
35,14,1533
36,14,797
38,14,237
39,14,499
40,14,1074
41,14,1191
42,14,411
43,14,373
44,14,429
46,14,797
47,14,1236
48,14,633
49,14,346
50,14,331
53,14,429
54,14,919
55,14,1246
56,14,1308
57,14,1146
58,14,1163
59,14,1502
60,14,1183
61,14,922
62,14,870
63,14,523
64,14,410
65,14,707
67,14,267
68,14,510
69,14,424
70,14,767
71,14,540
72,14,278
73,14,216
-72,15,657
-71,15,554
-64,15,263
-62,15,218
-61,15,224
-60,15,202
-59,15,422
-26,15,442
-25,15,306
19,15,241
20,15,222
21,15,210
22,15,262
23,15,324
26,15,677
27,15,566
28,15,707
29,15,542
30,15,685
31,15,967
32,15,1318
33,15,1247
34,15,1683
35,15,1328
36,15,528
38,15,395
39,15,307
40,15,499
41,15,588
42,15,360
43,15,410
44,15,295
46,15,503
47,15,627
48,15,410
49,15,391
50,15,412
54,15,537
55,15,869
56,15,1212
57,15,927
58,15,990
59,15,1298
60,15,873
61,15,812
62,15,798
63,15,483
64,15,663
65,15,338
68,15,439
69,15,315
70,15,388
71,15,290
-65,16,386
-64,16,400
-63,16,310
-62,16,334
-61,16,384
-60,16,427
-59,16,663
-58,16,228
22,16,333
23,16,239
24,16,221
25,16,378
26,16,722
27,16,807
28,16,877
29,16,801
30,16,795
31,16,1197
32,16,1953
33,16,1718
34,16,1908
35,16,1385
36,16,225
37,16,289
38,16,488
39,16,323
40,16,304
41,16,846
42,16,543
43,16,243
47,16,652
48,16,465
49,16,203
50,16,255
54,16,440
55,16,1089
56,16,1004
57,16,895
58,16,1240
59,16,1017
60,16,978
61,16,1018
62,16,683
63,16,525
64,16,560
65,16,388
67,16,321
68,16,318
69,16,298
70,16,339
71,16,205
-68,17,297
-67,17,307
-66,17,236
-65,17,400
-64,17,459
-63,17,387
-62,17,440
-61,17,480
-60,17,322
-59,17,359
-50,17,392
16,17,231
22,17,272
23,17,314
24,17,202
25,17,345
26,17,777
27,17,714
28,17,913
29,17,716
30,17,726
31,17,556
32,17,974
33,17,716
34,17,887
35,17,884
36,17,476
37,17,420
38,17,224
39,17,395
40,17,337
41,17,252
47,17,455
48,17,291
49,17,242
54,17,246
55,17,349
56,17,374
57,17,725
58,17,750
59,17,1214
60,17,613
61,17,776
62,17,552
63,17,380
64,17,359
67,17,394
68,17,328
69,17,207
-65,18,343
-64,18,532
-63,18,416
-62,18,386
-61,18,505
-60,18,261
-59,18,328
-58,18,240
-57,18,230
-56,18,226
-50,18,490
-49,18,216
-25,18,300
15,18,252
16,18,386
22,18,331
23,18,600
24,18,452
25,18,432
26,18,450
27,18,593
28,18,588
29,18,250
31,18,285
32,18,235
56,18,257
57,18,327
58,18,429
59,18,656
60,18,385
61,18,470
62,18,310
-66,19,241
-65,19,267
-64,19,357
-63,19,301
-62,19,425
-61,19,889
-60,19,540
-59,19,519
-58,19,419
-57,19,345
-56,19,464
-55,19,327
-53,19,269
-50,19,268
-38,19,296
-37,19,300
-36,19,283
-35,19,326
11,19,280
14,19,300
15,19,330
16,19,465
17,19,290
21,19,237
22,19,632
23,19,530
24,19,663
25,19,428
53,19,218
55,19,296
56,19,322
57,19,331
58,19,482
59,19,423
60,19,287
61,19,358
62,19,245
-86,20,211
-65,20,224
-64,20,280
-63,20,359
-62,20,329
-61,20,536
-60,20,510
-59,20,534
-58,20,561
-57,20,399
-56,20,508
-55,20,415
-54,20,350
-52,20,274
-42,20,215
-39,20,306
-38,20,636
-37,20,501
-36,20,396
-35,20,426
-34,20,309
4,20,266
5,20,249
11,20,259
12,20,316
13,20,451
14,20,449
15,20,448
16,20,491
17,20,505
18,20,331
19,20,359
20,20,286
21,20,385
22,20,398
23,20,331
52,20,265
56,20,218
57,20,239
58,20,453
59,20,214
60,20,214
61,20,227
-86,21,252
-64,21,256
-63,21,352
-62,21,342
-61,21,354
-60,21,346
-59,21,470
-58,21,346
-57,21,413
-56,21,369
-55,21,439
-54,21,384
-53,21,244
-52,21,219
-50,21,215
-49,21,277
-47,21,231
-46,21,213
-44,21,221
-43,21,233
-42,21,241
-41,21,302
-40,21,210
-38,21,251
-37,21,425
-36,21,477
-35,21,421
-34,21,302
0,21,212
1,21,297
2,21,269
3,21,326
4,21,435
5,21,345
6,21,261
7,21,264
10,21,261
11,21,446
12,21,492
13,21,479
14,21,376
15,21,358
16,21,280
17,21,486
18,21,611
19,21,635
20,21,339
31,21,226
-75,22,268
-74,22,283
-71,22,215
-65,22,266
-64,22,245
-63,22,383
-62,22,470
-61,22,485
-60,22,395
-59,22,567
-58,22,441
-57,22,649
-56,22,643
-55,22,493
-54,22,385
-53,22,271
-52,22,209
-50,22,333
-49,22,332
-48,22,283
-47,22,615
-46,22,402
-45,22,290
-44,22,464
-43,22,338
-42,22,350
-41,22,511
-40,22,460
-39,22,319
-38,22,480
-37,22,469
-36,22,655
-35,22,845
-34,22,494
-33,22,216
-11,22,239
-1,22,383
0,22,321
1,22,418
2,22,378
3,22,357
4,22,557
5,22,531
6,22,485
7,22,611
8,22,576
9,22,291
10,22,450
11,22,639
12,22,528
13,22,367
14,22,377
15,22,397
16,22,443
17,22,570
18,22,863
19,22,1227
20,22,321
29,22,265
30,22,336
31,22,567
32,22,655
33,22,303
34,22,213
58,22,265
59,22,217
-85,23,252
-84,23,263
-83,23,264
-82,23,320
-74,23,208
-71,23,224
-65,23,305
-64,23,362
-63,23,211
-62,23,351
-61,23,439
-60,23,345
-59,23,432
-58,23,454
-57,23,481
-56,23,626
-55,23,527
-54,23,412
-53,23,304
-52,23,345
-50,23,284
-49,23,270
-47,23,454
-46,23,506
-45,23,356
-44,23,488
-43,23,304
-42,23,359
-41,23,417
-40,23,610
-39,23,349
-38,23,427
-37,23,577
-36,23,884
-35,23,565
-34,23,439
-28,23,233
-26,23,326
-25,23,305
-23,23,213
-22,23,242
-21,23,301
-20,23,300
-15,23,332
-14,23,363
-13,23,304
-12,23,310
-11,23,237
-10,23,203
-2,23,324
-1,23,283
0,23,220
1,23,355
2,23,624
3,23,372
4,23,555
5,23,702
6,23,630
7,23,776
8,23,1061
9,23,1036
10,23,1046
11,23,661
12,23,503
13,23,424
14,23,358
15,23,245
17,23,422
18,23,967
19,23,992
20,23,425
28,23,425
29,23,389
30,23,516
31,23,614
32,23,684
33,23,421
34,23,331
58,23,378
59,23,311
-83,24,238
-82,24,267
-71,24,247
-67,24,244
-66,24,240
-65,24,329
-64,24,366
-62,24,323
-60,24,224
-59,24,301
-58,24,289
-57,24,361
-56,24,495
-55,24,399
-54,24,316
-53,24,334
-52,24,329
-47,24,225
-46,24,270
-45,24,278
-44,24,266
-43,24,378
-42,24,234
-41,24,307
-40,24,315
-39,24,321
-38,24,349
-37,24,487
-36,24,617
-35,24,450
-34,24,419
-28,24,571
-26,24,304
-25,24,230
-21,24,208
-20,24,201
-17,24,205
-16,24,218
-15,24,207
-14,24,466
-13,24,405
-12,24,341
-11,24,388
-10,24,345
-9,24,399
-8,24,553
-1,24,358
0,24,314
1,24,742
2,24,615
3,24,327
5,24,501
6,24,613
7,24,719
8,24,1087
9,24,955
10,24,1322
11,24,723
12,24,247
13,24,276
14,24,337
15,24,234
18,24,276
19,24,376
20,24,256
26,24,208
28,24,236
29,24,331
30,24,370
31,24,756
32,24,376
33,24,233
34,24,237
36,24,253
37,24,336
38,24,335
39,24,252
58,24,395
59,24,668
60,24,229
-83,25,362
-82,25,223
-81,25,219
-80,25,216
-72,25,287
-71,25,377
-70,25,222
-67,25,299
-66,25,312
-65,25,497
-64,25,507
-63,25,285
-62,25,420
-61,25,272
-60,25,223
-59,25,477
-58,25,421
-57,25,384
-56,25,499
-55,25,425
-54,25,490
-53,25,524
-52,25,352
-48,25,219
-45,25,228
-44,25,253
-43,25,493
-42,25,214
-41,25,292
-40,25,466
-39,25,364
-38,25,338
-37,25,467
-36,25,517
-35,25,487
-34,25,587
-33,25,374
-32,25,295
-26,25,233
-25,25,314
-24,25,253
-23,25,263
-18,25,223
-17,25,342
-16,25,509
-15,25,376
-14,25,1054
-13,25,1079
-12,25,825
-11,25,708
-10,25,628
-9,25,589
-8,25,729
-6,25,219
-2,25,224
-1,25,460
0,25,355
1,25,684
2,25,1258
3,25,732
7,25,228
8,25,499
9,25,798
10,25,1328
11,25,575
12,25,228
13,25,281
14,25,248
15,25,255
16,25,373
18,25,216
22,25,247
23,25,383
26,25,210
28,25,445
29,25,387
31,25,306
32,25,293
36,25,299
37,25,386
38,25,354
39,25,263
40,25,209
45,25,325
46,25,244
58,25,475
59,25,1026
60,25,323
-82,26,202
-81,26,239
-71,26,269
-70,26,255
-67,26,322
-66,26,224
-65,26,284
-64,26,322
-63,26,338
-62,26,338
-61,26,394
-60,26,336
-59,26,467
-58,26,694
-57,26,448
-56,26,313
-55,26,621
-54,26,441
-53,26,438
-52,26,233
-44,26,216
-43,26,387
-40,26,218
-39,26,332
-38,26,253
-37,26,309
-36,26,299
-35,26,354
-34,26,618
-33,26,629
-32,26,328
-31,26,231
-26,26,255
-25,26,367
-24,26,373
-23,26,396
-22,26,413
-19,26,225
-17,26,403
-16,26,559
-15,26,873
-14,26,1054
-13,26,1043
-12,26,1007
-11,26,1202
-10,26,990
-9,26,793
-8,26,728
-7,26,383
-5,26,205
-4,26,283
-3,26,344
-2,26,498
-1,26,839
0,26,1003
1,26,866
2,26,894
3,26,679
9,26,366
10,26,545
11,26,731
12,26,448
13,26,287
14,26,278
15,26,372
16,26,399
17,26,267
22,26,223
23,26,229
29,26,202
32,26,297
33,26,222
37,26,307
38,26,313
39,26,235
45,26,202
58,26,334
-83,27,231
-72,27,213
-71,27,254
-64,27,221
-63,27,305
-62,27,435
-61,27,478
-60,27,348
-59,27,474
-58,27,611
-57,27,525
-56,27,485
-55,27,471
-54,27,274
-53,27,305
-46,27,226
-42,27,208
-37,27,216
-36,27,225
-35,27,404
-34,27,480
-33,27,584
-32,27,592
-31,27,405
-30,27,212
-25,27,393
-24,27,387
-23,27,582
-22,27,567
-16,27,484
-15,27,437
-14,27,610
-13,27,825
-12,27,995
-11,27,1475
-10,27,1592
-9,27,1307
-8,27,1405
-7,27,1151
-6,27,242
-5,27,317
-4,27,450
-3,27,737
-2,27,1230
-1,27,1012
0,27,1063
1,27,783
2,27,774
3,27,677
9,27,240
10,27,449
11,27,523
12,27,300
13,27,219
14,27,325
15,27,277
16,27,204
31,27,277
32,27,354
33,27,218
38,27,208
-76,28,289
-75,28,202
-72,28,242
-71,28,402
-70,28,231
-69,28,206
-64,28,244
-63,28,305
-62,28,558
-61,28,523
-60,28,561
-59,28,549
-58,28,901
-57,28,784
-56,28,691
-55,28,343
-54,28,283
-52,28,262
-51,28,317
-50,28,307
-49,28,331
-48,28,291
-47,28,201
-46,28,339
-45,28,440
-44,28,390
-38,28,232
-37,28,237
-36,28,321
-35,28,600
-34,28,613
-33,28,883
-32,28,1100
-31,28,529
-30,28,320
-25,28,396
-24,28,448
-23,28,587
-22,28,589
-21,28,228
-16,28,284
-15,28,424
-14,28,694
-13,28,1002
-12,28,1067
-11,28,1903
-10,28,2406
-9,28,1790
-8,28,1946
-7,28,1844
-6,28,1407
-5,28,548
-4,28,919
-3,28,1046
-2,28,1397
-1,28,1754
0,28,1115
1,28,937
2,28,655
3,28,831
4,28,660
8,28,284
9,28,426
10,28,441
11,28,603
12,28,336
13,28,381
14,28,478
15,28,461
16,28,455
17,28,422
18,28,285
19,28,356
30,28,222
31,28,230
32,28,206
39,28,226
-74,29,290
-73,29,244
-71,29,315
-70,29,332
-69,29,248
-68,29,222
-64,29,222
-63,29,280
-62,29,476
-61,29,634
-60,29,467
-59,29,825
-58,29,714
-57,29,667
-56,29,635
-55,29,611
-54,29,492
-53,29,562
-52,29,618
-51,29,419
-50,29,579
-49,29,495
-48,29,357
-47,29,337
-46,29,417
-45,29,519
-44,29,847
-43,29,281
-39,29,252
-38,29,202
-36,29,232
-35,29,349
-34,29,624
-33,29,784
-32,29,833
-31,29,484
-23,29,327
-22,29,404
-21,29,222
-20,29,290
-14,29,390
-13,29,1048
-12,29,1107
-11,29,1393
-10,29,2428
-9,29,1509
-8,29,1295
-7,29,1943
-6,29,1071
-5,29,1225
-4,29,1827
-3,29,1206
-2,29,1518
-1,29,810
0,29,815
1,29,701
2,29,634
3,29,562
4,29,1032
5,29,520
6,29,544
7,29,837
8,29,398
9,29,312
10,29,345
11,29,362
12,29,342
13,29,318
14,29,262
15,29,266
16,29,319
17,29,310
39,29,407
40,29,330
-71,30,205
-70,30,276
-69,30,325
-68,30,249
-64,30,256
-62,30,293
-61,30,418
-60,30,307
-59,30,530
-58,30,729
-57,30,647
-56,30,577
-55,30,593
-54,30,664
-53,30,658
-52,30,493
-51,30,523
-50,30,706
-49,30,405
-48,30,377
-47,30,409
-46,30,562
-45,30,576
-44,30,613
-43,30,366
-42,30,202
-34,30,252
-32,30,265
-22,30,208
-20,30,283
-19,30,205
-18,30,305
-14,30,212
-13,30,738
-12,30,799
-11,30,919
-10,30,1086
-9,30,898
-8,30,1415
-7,30,1355
-6,30,986
-5,30,994
-4,30,1069
-3,30,787
-2,30,1009
-1,30,627
0,30,553
1,30,239
2,30,322
3,30,215
4,30,338
5,30,441
6,30,462
7,30,564
8,30,253
61,30,202
-71,31,251
-70,31,302
-69,31,429
-68,31,269
-67,31,309
-66,31,222
-65,31,229
-64,31,289
-63,31,217
-62,31,306
-61,31,281
-60,31,208
-59,31,395
-58,31,541
-57,31,604
-56,31,817
-55,31,470
-54,31,593
-53,31,626
-52,31,620
-51,31,580
-50,31,585
-49,31,389
-48,31,574
-47,31,752
-46,31,598
-45,31,399
-44,31,540
-43,31,552
-42,31,211
-35,31,224
-19,31,231
-18,31,352
-17,31,262
-16,31,208
-15,31,395
-14,31,323
-13,31,362
-12,31,487
-11,31,949
-10,31,1053
-9,31,764
-8,31,808
-7,31,1651
-6,31,1056
-5,31,1303
-4,31,776
-3,31,507
-2,31,420
-1,31,363
0,31,421
1,31,270
2,31,295
4,31,267
7,31,475
10,31,282
28,31,211
37,31,207
56,31,220
63,31,223
-69,32,207
-68,32,266
-67,32,321
-66,32,248
-65,32,274
-62,32,261
-61,32,234
-60,32,271
-59,32,315
-58,32,759
-57,32,558
-56,32,542
-55,32,589
-54,32,573
-53,32,838
-52,32,587
-51,32,524
-50,32,617
-49,32,728
-48,32,596
-47,32,758
-46,32,783
-45,32,567
-44,32,569
-43,32,322
-42,32,280
-38,32,271
-35,32,350
-18,32,207
-16,32,298
-15,32,376
-14,32,535
-13,32,388
-12,32,484
-11,32,724
-10,32,744
-9,32,510
-8,32,782
-7,32,583
-6,32,723
-5,32,457
-4,32,571
-3,32,424
-2,32,478
-1,32,408
0,32,254
28,32,336
37,32,233
38,32,205
55,32,330
56,32,226
57,32,215
58,32,234
60,32,213
63,32,311
-68,33,215
-62,33,212
-61,33,236
-59,33,221
-58,33,617
-57,33,343
-56,33,484
-55,33,389
-54,33,371
-53,33,469
-52,33,418
-51,33,450
-50,33,550
-49,33,548
-48,33,405
-47,33,624
-46,33,646
-45,33,491
-44,33,449
-43,33,320
-42,33,239
-41,33,235
-40,33,206
-15,33,243
-14,33,457
-13,33,363
-12,33,290
-11,33,331
-10,33,202
-9,33,295
-8,33,298
-7,33,319
-6,33,222
-5,33,302
-4,33,325
-1,33,298
0,33,237
28,33,295
61,33,296
-65,34,228
-61,34,241
-59,34,287
-58,34,256
-57,34,245
-56,34,591
-55,34,369
-54,34,378
-53,34,424
-52,34,405
-51,34,389
-50,34,647
-49,34,637
-48,34,459
-47,34,711
-46,34,518
-45,34,428
-44,34,496
-43,34,400
-42,34,315
-41,34,398
-40,34,315
-39,34,230
-32,34,302
-31,34,350
-30,34,249
-13,34,368
-12,34,224
-9,34,213
0,34,278
59,34,242
-61,35,335
-59,35,272
-58,35,272
-56,35,447
-55,35,340
-53,35,307
-52,35,467
-51,35,302
-50,35,340
-49,35,538
-48,35,393
-47,35,397
-46,35,397
-45,35,298
-44,35,378
-43,35,276
-42,35,314
-41,35,271
-38,35,209
-31,35,294
-62,36,233
-59,36,240
-58,36,253
-55,36,215
-52,36,362
-51,36,265
-50,36,234
-49,36,361
-48,36,351
-47,36,377
-46,36,343
-45,36,268
-44,36,245
-43,36,217
-60,37,211
-59,37,317
-58,37,216
-55,37,269
-53,37,232
-52,37,274
-51,37,289
-50,37,328
-49,37,310
-48,37,242
-47,37,388
-46,37,292
-45,37,284
-43,37,219
-35,37,222
-31,37,232
-26,37,245
-25,37,320
-24,37,283
-23,37,346
-59,38,247
-55,38,234
-54,38,303
-52,38,266
-51,38,289
-50,38,269
-49,38,244
-48,38,259
-47,38,260
-46,38,394
-35,38,230
-25,38,253
-23,38,209
-58,39,231
-51,39,248
-50,39,236
-49,39,203
-47,39,204
-46,39,266
-35,39,212
-34,39,233
-86,40,525
-56,40,208
-53,40,221
-50,40,289
-49,40,207
-46,40,269
-34,40,301
-33,40,271
-55,41,217
-49,41,268
-46,41,250
-34,41,209
-32,43,206
-84,70,430
-84,71,478
-83,71,214
29,74,221
61,90,241
60,91,262
