1,0.13976944444444445,29.090833333333332,0.6554444444444445,30.861222222222224
2,0.6554444444444445,30.861222222222224,1.1621666666666666,35.62083333333334
3,2.0649777777777776,42.329861111111114,1.1621666666666666,35.62083333333334
4,1.1621666666666666,35.62083333333334,0.9458611111111112,38.49925
5,0.9458611111111112,38.49925,0.8302305555555556,41.078944444444446
6,10.452544444444444,-31.067805555555555,9.981205555555556,-35.89094444444444
7,14.797702777777777,-79.04472222222222,16.55762777777778,-78.89697222222223
8,16.55762777777778,-78.89697222222223,16.718172222222222,-77.51658333333333
9,19.921880555555557,6.407944444444444,19.8463,8.86738888888889
10,19.8463,8.86738888888889,19.770991666666667,10.613277777777778
11,19.8463,8.86738888888889,19.424930555555555,3.1145833333333335
12,19.424930555555555,3.1145833333333335,19.874544444444446,1.0056666666666667
13,20.188405555555555,-0.8214722222222222,19.874544444444446,1.0056666666666667
14,19.424930555555555,3.1145833333333335,19.09016944444444,13.863722222222222
15,19.09016944444444,13.863722222222222,18.993719444444444,15.068472222222223
16,19.424930555555555,3.1145833333333335,19.10415277777778,-4.882333333333333
17,21.525977777777776,-5.571166666666667,22.096397222222222,-0.3198333333333333
18,22.096397222222222,-0.3198333333333333,22.360916666666668,-1.387361111111111
19,22.360916666666668,-1.387361111111111,22.4805,-0.020055555555555556
20,22.4805,-0.020055555555555556,22.589258333333333,-0.11736111111111111
21,22.589258333333333,-0.11736111111111111,22.876905555555556,-7.579666666666666
22,22.876905555555556,-7.579666666666666,23.2648,-9.087694444444445
23,23.2648,-9.087694444444445,23.38286111111111,-20.100333333333335
24,22.096397222222222,-0.3198333333333333,22.28054722222222,-7.78325
25,22.28054722222222,-7.78325,22.10728055555556,-13.869527777777778
26,22.28054722222222,-7.78325,22.510783333333332,-10.677888888888889
27,22.510783333333332,-10.677888888888889,22.826530555555554,-13.592527777777779
28,22.826530555555554,-13.592527777777779,22.910844444444443,-15.82075
29,22.910844444444443,-15.82075,23.157433333333334,-21.172472222222222
30,20.79459166666667,-9.495694444444444,21.525977777777776,-5.571166666666667
31,18.110522222222222,-50.09144444444445,17.5307,-49.875972222222224
32,17.5307,-49.875972222222224,16.97700833333333,-55.99005555555556
33,16.97700833333333,-55.99005555555556,16.829752777777777,-59.04130555555555
34,16.829752777777777,-59.04130555555555,17.518327777777777,-60.683611111111105
35,17.518327777777777,-60.683611111111105,17.42323888888889,-56.377694444444444
36,17.42323888888889,-56.377694444444444,17.421666666666667,-55.52983333333333
37,17.421666666666667,-55.52983333333333,18.110522222222222,-50.09144444444445
38,2.8330527777777776,27.26077777777778,2.119525,23.462777777777777
39,2.119525,23.462777777777777,1.9106527777777778,20.808305555555556
40,1.9106527777777778,20.808305555555556,1.8921583333333334,19.294083333333337
41,5.995344444444444,37.21277777777778,5.992158333333333,44.94744444444444
42,5.992158333333333,44.94744444444444,5.278138888888889,45.999027777777776
43,5.278138888888889,45.999027777777776,5.0413,41.07588888888889
44,5.0413,41.07588888888889,4.949894444444444,33.16613888888889
45,5.438194444444445,28.607861111111113,4.949894444444444,33.16613888888889
46,5.438194444444445,28.607861111111113,5.995344444444444,37.21277777777778
47,14.68581111111111,13.728333333333333,14.261208333333334,19.187277777777776
48,14.261208333333334,19.187277777777776,14.749791666666665,27.074166666666667
49,14.749791666666665,27.074166666666667,15.25836111111111,33.31511111111111
50,15.25836111111111,33.31511111111111,15.032441666666667,40.39063888888889
51,15.032441666666667,40.39063888888889,14.534655555555556,38.30788888888888
52,14.534655555555556,38.30788888888888,14.530516666666667,30.37113888888889
53,14.530516666666667,30.37113888888889,14.261208333333334,19.187277777777776
54,14.261208333333334,19.187277777777776,13.911422222222223,18.398583333333335
55,13.911422222222223,18.398583333333335,13.824638888888888,15.797805555555556
56,4.513916666666667,-44.95375,4.676061111111111,-41.86358333333334
57,4.676061111111111,-41.86358333333334,4.700958333333333,-37.144777777777776
58,3.8393,71.33236111111111,4.900836111111111,66.34266666666666
59,20.300894444444445,-12.54486111111111,20.350180555555557,-14.78138888888889
60,20.350180555555557,-14.78138888888889,21.099105555555553,-17.232722222222222
61,21.099105555555553,-17.232722222222222,21.37077222222222,-16.834555555555553
62,21.37077222222222,-16.834555555555553,21.66815,-16.66225
63,21.66815,-16.66225,21.783969444444445,-16.126555555555555
64,21.37077222222222,-16.834555555555553,21.444452777777776,-22.411388888888887
65,21.444452777777776,-22.411388888888887,21.099105555555553,-17.232722222222222
66,20.350180555555557,-14.78138888888889,20.768269444444442,-25.270527777777776
67,21.099105555555553,-17.232722222222222,20.863694444444445,-26.91913888888889
68,9.220066666666666,-69.71747222222223,10.228966666666667,-70.03791666666666
69,10.228966666666667,-70.03791666666666,10.715952777777778,-64.39447222222223
70,10.715952777777778,-64.39447222222223,10.725641666666666,-60.56663888888889
71,10.725641666666666,-60.56663888888889,11.143166666666666,-58.97505555555556
72,11.143166666666666,-58.97505555555556,10.891547222222222,-58.85327777777778
73,10.891547222222222,-58.85327777777778,10.464652777777777,-58.73941666666667
74,10.464652777777777,-58.73941666666667,10.284725,-61.33233333333334
75,10.284725,-61.33233333333334,9.284841666666667,-59.27525
76,8.676955555555555,-59.76102777777778,8.37523888888889,-59.50952777777778
77,8.37523888888889,-59.50952777777778,6.399191666666667,-52.695722222222216
78,9.182808333333332,-58.96691666666667,9.284841666666667,-59.27525
79,9.182808333333332,-58.96691666666667,8.676955555555555,-59.76102777777778
80,6.399191666666667,-52.695722222222216,6.629352777777778,-43.19591666666666
81,8.37523888888889,-59.50952777777778,8.059741666666667,-40.003194444444446
82,1.9065777777777777,63.670138888888886,1.4301666666666668,60.235416666666666
83,1.4301666666666668,60.235416666666666,0.9451388888888889,60.716750000000005
84,0.9451388888888889,60.716750000000005,0.6751083333333333,56.537416666666665
85,0.6751083333333333,56.537416666666665,0.15280277777777776,59.15022222222222
86,14.66136111111111,-60.83513888888889,14.063733333333333,-60.372972222222224
87,14.063733333333333,-60.372972222222224,13.664797222222223,-53.46636111111111
88,13.664797222222223,-53.46636111111111,13.925675,-47.28827777777778
89,13.925675,-47.28827777777778,13.977991666666666,-44.803527777777774
90,13.977991666666666,-44.803527777777774,13.826947222222222,-42.47369444444445
91,13.826947222222222,-42.47369444444445,13.825083333333334,-41.687666666666665
92,13.825083333333334,-41.687666666666665,13.517408333333334,-39.40727777777778
93,13.517408333333334,-39.40727777777778,13.343352777777778,-36.71208333333334
94,13.825083333333334,-41.687666666666665,14.111477777777777,-36.36869444444444
95,13.826947222222222,-42.47369444444445,14.591791666666667,-42.15775
96,14.591791666666667,-42.15775,14.986027777777776,-42.10413888888889
97,13.925675,-47.28827777777778,12.692,-48.95988888888889
98,12.692,-48.95988888888889,12.467336111111111,-50.230611111111116
99,12.467336111111111,-50.230611111111116,12.139316666666666,-50.72241666666667
100,12.139316666666666,-50.72241666666667,11.579363888888889,-54.26413888888889
101,11.579363888888889,-54.26413888888889,11.596369444444445,-63.01983333333333
102,22.180905555555558,58.20125,22.828030555555554,66.20072222222223
103,22.828030555555554,66.20072222222223,21.47766111111111,70.56069444444444
104,21.47766111111111,70.56069444444444,21.309605555555557,62.58544444444445
105,21.309605555555557,62.58544444444445,22.180905555555558,58.20125
106,22.828030555555554,66.20072222222223,23.655827777777777,77.63197222222222
107,23.655827777777777,77.63197222222222,21.47766111111111,70.56069444444444
108,2.2166694444444444,8.84675,2.4693111111111112,8.460083333333333
109,1.7347583333333334,-15.939555555555556,0.7264527777777778,-17.986694444444446
110,0.7264527777777778,-17.986694444444446,0.3238,-8.823833333333333
111,0.7264527777777778,-17.986694444444446,1.1431277777777777,-10.181916666666666
112,1.1431277777777777,-10.181916666666666,1.4004027777777777,-8.182749999999999
113,1.4004027777777777,-8.182749999999999,1.8576694444444446,-10.334944444444446
114,1.8576694444444446,-10.334944444444446,2.4325027777777777,-12.290444444444445
115,2.4325027777777777,-12.290444444444445,2.6593694444444442,-11.871583333333334
116,2.6593694444444442,-11.871583333333334,2.735375,-13.858666666666666
117,2.735375,-13.858666666666666,2.5347999999999997,-15.244333333333332
118,2.5347999999999997,-15.244333333333332,1.7347583333333334,-15.939555555555556
119,2.6580416666666666,0.32852777777777775,2.7217000000000002,3.2361666666666666
120,2.7217000000000002,3.2361666666666666,3.037994444444444,4.089916666666666
121,3.037994444444444,4.089916666666666,2.99525,8.907388888888889
122,2.99525,8.907388888888889,2.748991666666667,10.114222222222223
123,2.748991666666667,10.114222222222223,2.4693111111111112,8.460083333333333
124,2.4693111111111112,8.460083333333333,2.597913888888889,5.593305555555555
125,2.597913888888889,5.593305555555555,2.7217000000000002,3.2361666666666666
126,8.308686111111111,-76.91997222222223,10.591172222222223,-78.60780555555554
127,10.591172222222223,-78.60780555555554,12.305816666666667,-79.31227777777778
128,14.708525,-64.97458333333334,15.389627777777777,-59.32069444444445
129,14.708525,-64.97458333333334,15.291933333333333,-58.800888888888885
130,6.903188888888889,-12.038583333333333,7.062636111111111,-15.63325
131,7.062636111111111,-15.63325,6.935619444444445,-17.05425
132,6.935619444444445,-17.05425,6.752569444444444,-16.71313888888889
133,6.752569444444444,-16.71313888888889,7.050408333333333,-23.833305555555555
134,7.050408333333333,-23.833305555555555,7.139858333333334,-26.393194444444443
135,7.139858333333334,-26.393194444444443,7.24685,-26.772694444444443
136,7.24685,-26.772694444444443,7.401586111111111,-29.30311111111111
137,6.9770972222222225,-28.97208333333333,7.028652777777777,-27.934833333333334
138,7.028652777777777,-27.934833333333334,7.139858333333334,-26.393194444444443
139,6.6113888888888885,-19.25572222222222,6.584272222222222,-22.96483333333333
140,6.6113888888888885,-19.25572222222222,6.378330555555555,-17.955916666666667
141,6.6113888888888885,-19.25572222222222,6.752569444444444,-16.71313888888889
142,6.9770972222222225,-28.97208333333333,6.830686111111111,-32.5085
143,6.338552777777777,-30.06338888888889,6.9770972222222225,-28.97208333333333
144,6.935619444444445,-17.05425,6.903188888888889,-12.038583333333333
145,7.655150000000001,5.2275,7.4525194444444445,8.289416666666666
146,8.778286111111113,28.76,8.721447222222222,21.46858333333333
147,8.721447222222222,21.46858333333333,8.334408333333334,27.21861111111111
148,8.721447222222222,21.46858333333333,8.744752777777776,18.15486111111111
149,8.744752777777776,18.15486111111111,8.27526388888889,9.185666666666666
150,8.744752777777776,18.15486111111111,8.974777777777778,11.857777777777777
151,6.368569444444444,-33.436277777777775,6.2758722222222225,-35.14072222222222
152,6.2758722222222225,-35.14072222222222,5.958947222222222,-35.28330555555556
153,5.958947222222222,-35.28330555555556,5.849319444444444,-35.769305555555555
154,5.849319444444444,-35.769305555555555,5.985775,-42.81511111111111
155,5.849319444444444,-35.769305555555555,5.660816666666667,-34.07405555555556
156,5.660816666666667,-34.07405555555556,5.520205555555555,-35.470444444444446
157,13.166541666666667,17.52911111111111,13.198033333333333,27.87602777777778
158,13.198033333333333,27.87602777777778,12.448980555555556,28.26861111111111
159,18.978741666666664,-37.107083333333335,19.106955555555558,-37.062749999999994
160,19.106955555555558,-37.062749999999994,19.157855555555553,-37.90425
161,19.157855555555553,-37.90425,19.16715277777778,-39.340694444444445
162,19.16715277777778,-39.340694444444445,19.13914722222222,-40.49663888888889
163,19.13914722222222,-40.49663888888889,19.051897222222223,-42.095
164,15.548833333333333,31.359166666666667,15.463847222222222,29.105500000000003
165,15.463847222222222,29.105500000000003,15.578108333333333,26.714916666666667
166,15.578108333333333,26.714916666666667,15.712399999999999,26.295527777777778
167,15.712399999999999,26.295527777777778,15.826583333333334,26.068555555555555
168,15.826583333333334,26.068555555555555,15.959805555555555,26.878027777777778
169,15.959805555555555,26.878027777777778,16.024052777777776,29.851083333333335
170,10.996319444444444,-18.299111111111113,11.194302777777779,-22.82561111111111
171,11.194302777777779,-22.82561111111111,11.414716666666667,-17.68402777777778
172,11.414716666666667,-17.68402777777778,11.322366666666666,-14.779055555555557
173,11.322366666666666,-14.779055555555557,10.996319444444444,-18.299111111111113
174,11.322366666666666,-14.779055555555557,11.410169444444445,-10.859388888888889
175,11.410169444444445,-10.859388888888889,11.611374999999999,-9.80225
176,11.611374999999999,-9.80225,11.933605555555555,-17.150805555555554
177,11.933605555555555,-17.150805555555554,11.746044444444443,-18.350611111111114
178,11.746044444444443,-18.350611111111114,11.414716666666667,-17.68402777777778
179,12.519425,-57.11255555555556,12.443316666666666,-63.09905555555556
180,12.795366666666666,-59.68872222222222,12.252433333333334,-58.74888888888889
181,12.534577777777777,-16.19586111111111,12.49777222222222,-16.515083333333333
182,12.49777222222222,-16.515083333333333,12.26346388888889,-17.541972222222224
183,12.26346388888889,-17.541972222222224,12.168758333333333,-22.619805555555555
184,12.168758333333333,-22.619805555555555,12.140208333333334,-24.728777777777776
185,12.168758333333333,-22.619805555555555,12.573119444444444,-23.39661111111111
186,12.573119444444444,-23.39661111111111,12.49777222222222,-16.515083333333333
187,12.562525,41.35677777777778,12.933844444444444,38.318250000000006
188,19.285030555555558,53.36816666666667,19.495094444444444,51.72947222222223
189,19.495094444444444,51.72947222222223,19.749566666666666,45.130694444444444
190,19.749566666666666,45.130694444444444,20.370472222222222,40.25669444444444
191,20.370472222222222,40.25669444444444,20.690530555555554,45.28033333333333
192,20.370472222222222,40.25669444444444,20.770119444444443,33.96944444444445
193,20.770119444444443,33.96944444444445,21.215605555555555,30.227083333333333
194,21.215605555555555,30.227083333333333,21.735666666666667,28.743222222222222
195,20.370472222222222,40.25669444444444,19.938444444444446,35.0835
196,19.938444444444446,35.0835,19.512025,27.959694444444445
197,20.553544444444444,11.303333333333335,20.62579722222222,14.595194444444445
198,20.62579722222222,14.595194444444445,20.660625,15.912055555555556
199,20.660625,15.912055555555556,20.777644444444444,16.12477777777778
200,20.777644444444444,16.12477777777778,20.724319444444443,15.074694444444445
201,20.724319444444443,15.074694444444445,20.62579722222222,14.595194444444445
202,5.560422222222222,-62.48986111111111,5.7462277777777775,-65.73552777777778
203,5.560422222222222,-62.48986111111111,4.566588888888889,-55.044999999999995
204,4.566588888888889,-55.044999999999995,4.267080555555555,-51.48708333333333
205,17.892119444444443,56.87244444444445,17.94343888888889,51.48894444444444
206,17.94343888888889,51.48894444444444,17.507216666666668,52.301361111111106
207,17.507216666666668,52.301361111111106,17.537744444444446,55.172805555555556
208,17.537744444444446,55.172805555555556,17.892119444444443,56.87244444444445
209,17.892119444444443,56.87244444444445,19.209208333333333,67.66130555555556
210,19.209208333333333,67.66130555555556,19.802836111111112,70.26783333333333
211,19.802836111111112,70.26783333333333,18.35065,72.73369444444444
212,18.35065,72.73369444444444,17.146452777777778,65.71463888888889
213,17.146452777777778,65.71463888888889,16.399863888888888,61.51408333333333
214,16.399863888888888,61.51408333333333,16.031583333333334,58.56444444444444
215,16.031583333333334,58.56444444444444,15.415494444444445,58.96602777777778
216,15.415494444444445,58.96602777777778,14.073174999999999,64.37580555555554
217,14.073174999999999,64.37580555555554,12.558066666666667,69.78822222222222
218,12.558066666666667,69.78822222222222,11.52341388888889,69.33111111111111
219,21.17235277777778,10.131944444444445,21.241330555555557,10.007722222222222
220,21.241330555555557,10.007722222222222,21.38155,6.811111111111111
221,21.38155,6.811111111111111,21.26372222222222,5.248083333333334
222,21.26372222222222,5.248083333333334,21.17235277777778,10.131944444444445
223,1.6285416666666668,-57.236666666666665,1.9324527777777776,-51.60958333333333
224,1.9324527777777776,-51.60958333333333,2.275138888888889,-51.51211111111111
225,2.275138888888889,-51.51211111111111,2.4497500000000003,-47.703833333333336
226,2.4497500000000003,-47.703833333333336,2.663311111111111,-42.89163888888889
227,2.663311111111111,-42.89163888888889,2.6777583333333332,-39.85530555555556
228,2.6777583333333332,-39.85530555555556,2.9710333333333336,-40.30472222222222
229,2.9710333333333336,-40.30472222222222,3.33145,-43.071555555555555
230,3.824244444444444,-36.20011111111111,4.298227777777778,-33.79833333333333
231,4.298227777777778,-33.79833333333333,4.400602777777778,-34.016999999999996
232,4.400602777777778,-34.016999999999996,4.592519444444444,-30.562305555555557
233,4.592519444444444,-30.562305555555557,3.7808305555555557,-23.248444444444445
234,3.7808305555555557,-23.248444444444445,3.563125,-21.632805555555557
235,3.563125,-21.632805555555557,3.3252694444444444,-21.757944444444444
236,3.3252694444444444,-21.757944444444444,3.039886111111111,-23.624333333333333
237,3.039886111111111,-23.624333333333333,2.751661111111111,-18.57263888888889
238,2.751661111111111,-18.57263888888889,2.9404444444444446,-8.897611111111111
239,2.9404444444444446,-8.897611111111111,3.263897222222222,-8.819833333333333
240,3.263897222222222,-8.819833333333333,3.5490055555555555,-9.458305555555555
241,3.5490055555555555,-9.458305555555555,3.7208222222222225,-9.765194444444445
242,3.7208222222222225,-9.765194444444445,4.605316666666666,-3.3524444444444446
243,4.605316666666666,-3.3524444444444446,4.7583722222222224,-3.254611111111111
244,4.7583722222222224,-3.254611111111111,4.881577777777778,-5.45275
245,4.881577777777778,-5.45275,5.130841666666666,-5.08625
246,5.130841666666666,-5.08625,5.15243888888889,-8.754083333333334
247,5.15243888888889,-8.754083333333334,4.636352777777777,-14.303583333333334
248,2.8181555555555553,-32.406277777777774,3.201188888888889,-28.98911111111111
249,6.628527777777778,16.399416666666667,7.068483333333333,20.570305555555557
250,7.068483333333333,20.570305555555557,7.335386111111111,21.982333333333333
251,7.335386111111111,21.982333333333333,7.301558333333333,16.540472222222224
252,7.301558333333333,16.540472222222224,6.754841666666667,12.896055555555556
253,7.335386111111111,21.982333333333333,7.598713888888889,26.896
254,7.598713888888889,26.896,7.7407972222222226,24.398138888888887
255,7.598713888888889,26.896,7.7553777777777775,28.026305555555556
256,7.598713888888889,26.896,7.428800000000001,27.79827777777778
257,7.428800000000001,27.79827777777778,7.1856638888888895,30.24527777777778
258,7.1856638888888895,30.24527777777778,7.576666666666666,31.888638888888888
259,7.1856638888888895,30.24527777777778,6.879816666666668,33.96136111111112
260,7.1856638888888895,30.24527777777778,6.732202777777778,25.13116666666667
261,6.732202777777778,25.13116666666667,6.482719444444444,20.212166666666665
262,6.732202777777778,25.13116666666667,6.382663888888889,22.51386111111111
263,6.382663888888889,22.51386111111111,6.247972222222223,22.506833333333333
264,6.247972222222223,22.506833333333333,6.068672222222222,23.263638888888888
265,23.114658333333335,-43.52033333333333,22.487819444444444,-43.495555555555555
266,22.487819444444444,-43.495555555555555,22.13718888888889,-46.96061111111111
267,22.13718888888889,-46.96061111111111,22.711091666666665,-46.88455555555556
268,22.711091666666665,-46.88455555555556,23.172619444444447,-45.24663888888889
269,23.172619444444447,-45.24663888888889,23.114658333333335,-43.52033333333333
270,22.711091666666665,-46.88455555555556,23.01468611111111,-52.75411111111111
271,22.711091666666665,-46.88455555555556,22.80922222222222,-51.31669444444445
272,22.13718888888889,-46.96061111111111,22.101916666666668,-39.543055555555554
273,22.101916666666668,-39.543055555555554,21.898791666666668,-37.36483333333334
274,17.65774722222222,46.00633333333333,17.93755,37.250527777777776
275,17.93755,37.250527777777776,17.394713888888887,37.145916666666665
276,17.394713888888887,37.145916666666665,17.294525,37.291333333333334
277,17.294525,37.291333333333334,17.250791666666668,36.80916666666666
278,17.250791666666668,36.80916666666666,16.714927777777778,38.92247222222222
279,16.714927777777778,38.92247222222222,16.56838611111111,42.43688888888889
280,16.56838611111111,42.43688888888889,16.329013888888888,46.31327777777778
281,16.329013888888888,46.31327777777778,15.877830555555557,42.45
282,16.714927777777778,38.92247222222222,16.688188888888888,31.60188888888889
283,16.688188888888888,31.60188888888889,16.503683333333335,21.48963888888889
284,16.503683333333335,21.48963888888889,16.365344444444446,19.153027777777776
285,16.688188888888888,31.60188888888889,17.00483611111111,30.926333333333336
286,17.00483611111111,30.926333333333336,17.512305555555557,26.110611111111112
287,17.512305555555557,26.110611111111112,17.250533333333333,24.839583333333334
288,17.774366666666666,27.722499999999997,17.962730555555556,29.24791666666667
289,17.962730555555556,29.24791666666667,18.125708333333336,28.76247222222222
290,17.962730555555556,29.24791666666667,17.774366666666666,27.722499999999997
291,17.00483611111111,30.926333333333336,17.250791666666668,36.80916666666666
292,4.233355555555556,-42.293861111111106,2.677661111111111,-54.54991666666667
293,2.677661111111111,-54.54991666666667,3.06025,-59.737611111111114
294,8.720413888888888,3.3986666666666667,8.645958333333333,3.3414722222222224
295,8.645958333333333,3.3414722222222224,8.62761388888889,5.703805555555555
296,8.62761388888889,5.703805555555555,8.779625000000001,6.418916666666667
297,8.779625000000001,6.418916666666667,8.807216666666667,5.837888888888888
298,8.807216666666667,5.837888888888888,8.720413888888888,3.3986666666666667
299,8.807216666666667,5.837888888888888,8.923244444444444,5.945527777777778
300,8.923244444444444,5.945527777777778,9.239386111111111,2.3150277777777775
301,9.239386111111111,2.3150277777777775,9.533036111111112,-1.1846666666666668
302,9.533036111111112,-1.1846666666666668,9.485788888888887,-2.768944444444444
303,9.485788888888887,-2.768944444444444,9.459791666666666,-8.658694444444444
304,9.459791666666666,-8.658694444444444,9.857966666666666,-14.846555555555556
305,9.857966666666666,-14.846555555555556,10.176499999999999,-12.353833333333332
306,10.176499999999999,-12.353833333333332,10.43486388888889,-16.83608333333333
307,10.43486388888889,-16.83608333333333,10.827063888888889,-16.19413888888889
308,10.827063888888889,-16.19413888888889,11.550072222222223,-31.85752777777778
309,11.550072222222223,-31.85752777777778,11.881822222222223,-33.908138888888885
310,11.881822222222223,-33.908138888888885,13.150911111111112,-23.11797222222222
311,13.150911111111112,-23.11797222222222,13.315347222222224,-23.17141666666667
312,0.4275555555555556,-77.25502777777778,3.787286111111111,-74.23925
313,3.787286111111111,-74.23925,2.6597833333333334,-68.26694444444445
314,2.6597833333333334,-68.26694444444445,2.362505555555556,-68.65941666666667
315,2.362505555555556,-68.65941666666667,1.9794083333333334,-61.56991666666667
316,21.33107777777778,-53.44927777777777,20.626108333333335,-47.291666666666664
317,20.626108333333335,-47.291666666666664,20.913494444444442,-58.45408333333334
318,20.913494444444442,-58.45408333333334,21.33107777777778,-53.44927777777777
319,22.266158333333333,37.74872222222222,22.508127777777776,43.12338888888889
320,22.508127777777776,43.12338888888889,22.492172222222223,47.70688888888889
321,22.492172222222223,47.70688888888889,22.40861111111111,49.47638888888889
322,22.40861111111111,49.47638888888889,22.392677777777777,52.2295
323,22.392677777777777,52.2295,22.521494444444443,50.282444444444444
324,22.521494444444443,50.282444444444444,22.492172222222223,47.70688888888889
325,11.817744444444445,14.572333333333333,11.237344444444444,15.429749999999999
326,11.237344444444444,15.429749999999999,10.139572222222222,11.967194444444445
327,10.139572222222222,11.967194444444445,10.122208333333333,16.762666666666668
328,10.122208333333333,16.762666666666668,10.332822222222221,19.84186111111111
329,10.332822222222221,19.84186111111111,11.235113888888888,20.52402777777778
330,11.235113888888888,20.52402777777778,11.817744444444445,14.572333333333333
331,10.332822222222221,19.84186111111111,10.278166666666667,23.417333333333335
332,10.278166666666667,23.417333333333335,9.879433333333333,26.007083333333334
333,9.879433333333333,26.007083333333334,9.764194444444444,23.774277777777776
334,11.235113888888888,20.52402777777778,11.237344444444444,15.429749999999999
335,6.102591666666666,-14.935277777777777,5.940088888888889,-14.168027777777777
336,5.940088888888889,-14.168027777777777,5.782597222222222,-14.821944444444444
337,5.782597222222222,-14.821944444444444,5.545502777777777,-17.822305555555555
338,5.545502777777777,-17.822305555555555,5.215519444444444,-16.205416666666665
339,5.545502777777777,-17.822305555555555,5.8553194444444445,-20.8775
340,5.8553194444444445,-20.8775,5.741102777777778,-22.4475
341,5.741102777777778,-22.4475,5.470758333333333,-20.75922222222222
342,5.470758333333333,-20.75922222222222,5.091013888888889,-22.37086111111111
343,5.545502777777777,-17.822305555555555,5.470758333333333,-20.75922222222222
344,5.215519444444444,-16.205416666666665,5.3262583333333335,-13.176777777777778
345,5.215519444444444,-16.205416666666665,5.220525,-12.941277777777778
346,5.091013888888889,-22.37086111111111,5.215519444444444,-16.205416666666665
347,5.220525,-12.941277777777778,5.204969444444445,-11.86913888888889
348,5.3262583333333335,-13.176777777777778,5.333063888888889,-12.315611111111112
349,15.897077777777778,-16.729611111111108,15.592094444444445,-14.789555555555555
350,15.592094444444445,-14.789555555555555,15.283463888888889,-9.382861111111112
351,15.283463888888889,-9.382861111111112,14.847994444444446,-16.041611111111113
352,14.847994444444446,-16.041611111111113,15.06785,-25.28186111111111
353,15.06785,-25.28186111111111,15.592094444444445,-14.789555555555555
354,10.88851111111111,34.21555555555556,10.464747222222222,36.70747222222222
355,10.464747222222222,36.70747222222222,10.12381388888889,35.24469444444445
356,10.12381388888889,35.24469444444445,9.570383333333334,36.39761111111111
357,10.12381388888889,35.24469444444445,10.88851111111111,34.21555555555556
358,16.00203888888889,-38.39663888888889,15.849316666666667,-33.62711111111111
359,16.00203888888889,-38.39663888888889,15.585683333333334,-41.166694444444445
360,15.585683333333334,-41.166694444444445,15.356205555555555,-40.64747222222222
361,15.356205555555555,-40.64747222222222,15.363455555555555,-36.26116666666667
362,15.356205555555555,-40.64747222222222,14.975541666666667,-43.13386111111111
363,15.585683333333334,-41.166694444444445,15.634255555555555,-42.56747222222223
364,15.634255555555555,-42.56747222222223,15.204777777777776,-52.09908333333333
365,15.204777777777776,-52.09908333333333,14.698825,-47.38813888888889
366,15.204777777777776,-52.09908333333333,14.631458333333335,-49.42575
367,14.698825,-47.38813888888889,14.436333333333334,-45.37925
368,14.698825,-47.38813888888889,14.975541666666667,-43.13386111111111
369,9.350961111111111,34.39252777777778,9.314075,36.80288888888889
370,8.380591666666668,43.18836111111111,7.445238888888889,49.21163888888889
371,7.445238888888889,49.21163888888889,6.954611111111111,58.42305555555555
372,6.954611111111111,58.42305555555555,6.327052777777777,59.01091666666667
373,18.615608333333334,38.783,18.746205555555555,37.60505555555556
374,18.746205555555555,37.60505555555556,18.834663888888887,33.36266666666667
375,18.834663888888887,33.36266666666667,18.98239444444444,32.68955555555555
376,18.98239444444444,32.68955555555555,18.908413888888887,36.89861111111111
377,18.908413888888887,36.89861111111111,18.746205555555555,37.60505555555556
378,5.531294444444445,-76.34166666666667,4.717763888888889,-70.93111111111112
379,21.298958333333335,-32.17247222222222,21.021516666666667,-32.257777777777775
380,21.021516666666667,-32.257777777777775,20.8328,-33.779666666666664
381,6.247594444444444,-6.2747222222222225,6.480297222222222,-7.033055555555555
382,6.480297222222222,-7.033055555555555,7.197738888888889,-0.49277777777777776
383,7.197738888888889,-0.49277777777777776,6.396138888888889,4.592833333333333
384,7.197738888888889,-0.49277777777777776,8.143238888888888,-2.9837777777777776
385,8.143238888888888,-2.9837777777777776,7.687466666666667,-9.551083333333334
386,12.771352777777778,-68.10808333333333,11.760158333333333,-66.72883333333334
387,11.760158333333333,-66.72883333333334,12.541141666666666,-72.13297222222222
388,12.541141666666666,-72.13297222222222,12.619744444444445,-69.13552777777778
389,12.619744444444445,-69.13552777777778,12.771352777777778,-68.10808333333333
390,16.22464722222222,-54.63041666666667,16.330713888888887,-50.155388888888886
391,16.330713888888887,-50.155388888888886,16.453069444444445,-47.55472222222222
392,16.453069444444445,-47.55472222222222,16.053572222222222,-49.22972222222222
393,16.053572222222222,-49.22972222222222,16.330713888888887,-50.155388888888886
394,16.053572222222222,-49.22972222222222,16.22464722222222,-54.63041666666667
395,21.691241666666667,-77.38947222222222,22.767699999999998,-81.3816111111111
396,22.767699999999998,-81.3816111111111,14.448816666666668,-83.66786111111112
397,14.448816666666668,-83.66786111111112,21.691241666666667,-77.38947222222222
398,17.58222222222222,12.560583333333334,17.724549999999997,4.566916666666667
399,17.172961111111114,-15.725138888888889,17.724549999999997,4.566916666666667
400,17.58222222222222,12.560583333333334,16.96118611111111,9.375055555555557
401,16.96118611111111,9.375055555555557,16.305344444444444,-4.692611111111112
402,16.305344444444444,-4.692611111111112,16.61931388888889,-10.56713888888889
403,16.61931388888889,-10.56713888888889,17.172961111111114,-15.725138888888889
404,17.172961111111114,-15.725138888888889,17.52359722222222,-23.96258333333333
405,5.679311111111112,-1.9425833333333333,5.603558333333333,-1.2019166666666665
406,5.603558333333333,-1.2019166666666665,5.533444444444444,-0.2990833333333333
407,6.0576,19.69061111111111,6.199,14.208805555555555
408,6.199,14.208805555555555,6.1262,14.768527777777779
409,6.1262,14.768527777777779,5.906411111111112,20.276416666666666
410,6.199,14.208805555555555,6.039719444444445,9.647361111111111
411,6.039719444444445,9.647361111111111,5.919525,7.407027777777778
412,5.919525,7.407027777777778,5.679311111111112,-1.9425833333333333
413,5.679311111111112,-1.9425833333333333,5.795941666666667,-9.669611111111111
414,5.795941666666667,-9.669611111111111,5.242297222222223,-8.201638888888889
415,5.242297222222223,-8.201638888888889,5.533444444444444,-0.2990833333333333
416,5.533444444444444,-0.2990833333333333,5.418852777777778,6.349722222222222
417,5.418852777777778,6.349722222222222,5.585633333333333,9.934166666666666
418,5.585633333333333,9.934166666666666,5.919525,7.407027777777778
419,5.418852777777778,6.349722222222222,4.830594444444444,6.961250000000001
420,4.830594444444444,6.961250000000001,4.853436111111111,5.6051111111111105
421,4.853436111111111,5.6051111111111105,4.889655555555555,2.508277777777778
422,4.889655555555555,2.508277777777778,4.975805555555556,1.7140277777777777
423,4.830594444444444,6.961250000000001,4.843533333333333,8.90025
424,4.843533333333333,8.90025,4.914916666666667,10.15113888888889
425,6.1262,14.768527777777779,6.039719444444445,9.647361111111111
426,20.427458333333334,-56.73488888888889,21.440691666666666,-65.36813888888888
427,21.440691666666666,-65.36813888888888,20.749322222222222,-66.20325
428,20.749322222222222,-66.20325,20.14496111111111,-66.17933333333333
429,20.14496111111111,-66.17933333333333,20.427458333333334,-56.73488888888889
430,20.14496111111111,-66.17933333333333,20.009830555555556,-72.91019444444446
431,20.009830555555556,-72.91019444444446,18.71725833333333,-71.42772222222223
432,18.71725833333333,-71.42772222222223,18.949177777777777,-67.23352777777778
433,18.949177777777777,-67.23352777777778,20.14496111111111,-66.17933333333333
434,18.949177777777777,-67.23352777777778,18.87028888888889,-62.187555555555555
435,18.87028888888889,-62.187555555555555,18.387116666666667,-61.49391666666667
436,18.387116666666667,-61.49391666666667,18.14299722222222,-63.668055555555554
437,18.14299722222222,-63.668055555555554,18.87028888888889,-62.187555555555555
438,18.14299722222222,-63.668055555555554,17.76222222222222,-64.72372222222222
439,0.22059722222222222,15.18361111111111,23.079338888888888,15.20536111111111
440,23.062869444444445,28.082444444444445,22.716702777777776,30.221305555555553
441,22.716702777777776,30.221305555555553,22.153799999999997,33.1725
442,23.062869444444445,28.082444444444445,22.83336111111111,24.601694444444448
443,22.83336111111111,24.601694444444448,22.77551111111111,23.56566666666667
444,22.77551111111111,23.56566666666667,22.11679722222222,25.345055555555554
445,22.11679722222222,25.345055555555554,21.744083333333336,25.645
446,23.079338888888888,15.20536111111111,22.778177777777778,12.174083333333332
447,22.778177777777778,12.174083333333332,22.691019444444446,10.831388888888888
448,22.691019444444446,10.831388888888888,22.16995,6.197777777777778
449,22.16995,6.197777777777778,21.736427777777777,9.875
450,0.13976944444444445,29.090833333333332,23.062869444444445,28.082444444444445
451,0.13976944444444445,29.090833333333332,0.22059722222222222,15.18361111111111
452,23.062869444444445,28.082444444444445,23.079338888888888,15.20536111111111
453,3.7386472222222222,32.28827777777778,3.9022,31.883666666666667
454,3.9022,31.883666666666667,3.9827500000000002,35.79102777777778
455,3.9827500000000002,35.79102777777778,3.964227777777778,40.01027777777778
456,3.964227777777778,40.01027777777778,3.7154111111111114,47.78766666666667
457,3.7154111111111114,47.78766666666667,3.405375,49.86125
458,3.405375,49.86125,3.079941666666667,53.50644444444445
459,3.079941666666667,53.50644444444445,2.8449416666666667,55.89552777777778
460,3.405375,49.86125,3.136147222222222,40.95563888888889
461,3.136147222222222,40.95563888888889,3.08625,38.84052777777778
462,3.08625,38.84052777777778,2.8430305555555555,38.31891666666667
463,1.1397388888888889,-55.24583333333334,1.1014194444444445,-46.7185
464,1.1014194444444445,-46.7185,0.43670000000000003,-43.679916666666664
465,0.43670000000000003,-43.679916666666664,1.1397388888888889,-55.24583333333334
466,1.1014194444444445,-46.7185,1.5208277777777777,-49.07308333333334
467,1.5208277777777777,-49.07308333333334,1.8941166666666667,-46.30244444444444
468,1.8941166666666667,-46.30244444444444,1.1014194444444445,-46.7185
469,1.1014194444444445,-46.7185,1.4727611111111112,-43.31772222222222
470,1.4727611111111112,-43.31772222222222,0.43670000000000003,-43.679916666666664
471,0.43670000000000003,-43.679916666666664,0.43801944444444446,-42.30511111111111
472,0.43801944444444446,-42.30511111111111,0.15681666666666666,-45.747
473,0.15681666666666666,-45.747,0.43670000000000003,-43.679916666666664
474,6.8032055555555555,-61.94197222222222,5.830438888888889,-56.1665
475,5.830438888888889,-56.1665,5.788077777777778,-51.066722222222225
476,22.960786111111112,-29.621833333333335,22.677591666666668,-27.04361111111111
477,22.677591666666668,-27.04361111111111,22.01395,-28.45375
478,22.01395,-28.45375,21.79560277777778,-30.898305555555556
479,21.79560277777778,-30.898305555555556,22.169022222222225,-32.54844444444444
480,22.169022222222225,-32.54844444444444,22.525080555555554,-32.34602777777778
481,22.525080555555554,-32.34602777777778,22.932469444444447,-32.53969444444444
482,1.0469694444444446,31.804333333333336,1.2291500000000002,24.583777777777776
483,1.0469694444444446,31.804333333333336,1.324438888888889,27.264083333333332
484,1.324438888888889,27.264083333333332,1.2291500000000002,24.583777777777776
485,1.2291500000000002,24.583777777777776,1.5247194444444443,15.345833333333333
486,1.5247194444444443,15.345833333333333,1.7565527777777779,9.15763888888889
487,1.7565527777777779,9.15763888888889,2.034111111111111,2.76375
488,2.034111111111111,2.76375,1.8925944444444445,3.187472222222222
489,1.8925944444444445,3.187472222222222,1.6905305555555556,5.487611111111111
490,1.6905305555555556,5.487611111111111,1.5030388888888888,6.143944444444445
491,1.5030388888888888,6.143944444444445,1.0490722222222224,7.890083333333333
492,1.0490722222222224,7.890083333333333,0.8048166666666667,7.299916666666666
493,0.8048166666666667,7.299916666666666,0.3432944444444444,8.19025
494,0.3432944444444444,8.19025,23.988500000000002,6.863583333333333
495,23.988500000000002,6.863583333333333,23.665783333333334,5.627361111111112
496,23.665783333333334,5.627361111111112,23.7008,1.7804166666666665
497,23.7008,1.7804166666666665,23.44886388888889,1.2558333333333334
498,23.44886388888889,1.2558333333333334,23.285969444444447,3.28225
499,23.285969444444447,3.28225,23.466158333333333,6.3791111111111105
500,23.466158333333333,6.3791111111111105,23.665783333333334,5.627361111111112
501,7.285711111111111,-37.097500000000004,6.629352777777778,-43.19591666666666
502,6.629352777777778,-43.19591666666666,6.8322611111111105,-50.61438888888889
503,6.8322611111111105,-50.61438888888889,7.487188888888889,-43.30188888888889
504,7.487188888888889,-43.30188888888889,8.059741666666667,-40.003194444444446
505,8.059741666666667,-40.003194444444446,8.12575,-24.304444444444446
506,8.66837222222222,-35.308305555555556,8.726541666666666,-33.186416666666666
507,8.726541666666666,-33.186416666666666,8.842225000000001,-27.710055555555556
508,4.240397222222223,-62.47397222222222,4.274744444444444,-59.30175
509,4.274744444444444,-59.30175,3.9790944444444447,-61.40013888888889
510,3.9790944444444447,-61.40013888888889,3.7365416666666667,-64.80708333333332
511,3.7365416666666667,-64.80708333333332,4.240397222222223,-62.47397222222222
512,23.549497222222225,-37.818361111111116,0.9767638888888889,-29.357472222222224
513,0.9767638888888889,-29.357472222222224,23.313730555555555,-32.53183333333333
514,23.313730555555555,-32.53183333333333,23.549497222222225,-37.818361111111116
515,17.560147222222223,-37.10375,17.708133333333333,-39.029916666666665
516,17.708133333333333,-39.029916666666665,17.79307777777778,-40.12697222222222
517,17.79307777777778,-40.12697222222222,17.621980555555556,-42.99783333333333
518,17.621980555555556,-42.99783333333333,17.20255,-43.2385
519,17.20255,-43.2385,16.899925,-42.362027777777776
520,16.899925,-42.362027777777776,16.864511111111113,-38.047333333333334
521,16.864511111111113,-38.047333333333334,16.836177777777777,-34.29261111111111
522,16.836177777777777,-34.29261111111111,16.598044444444444,-28.21597222222222
523,16.598044444444444,-28.21597222222222,16.490130555555556,-26.431944444444447
524,16.490130555555556,-26.431944444444447,16.005558333333333,-22.62161111111111
525,16.490130555555556,-26.431944444444447,15.980866666666667,-26.114055555555556
526,16.490130555555556,-26.431944444444447,16.090619444444442,-19.80538888888889
527,18.486625,-14.565805555555556,18.586788888888886,-8.243305555555555
528,18.586788888888886,-8.243305555555555,18.786244444444446,-4.747833333333333
529,15.827019444444444,-3.4301388888888886,15.84691388888889,4.4775833333333335
530,15.84691388888889,4.4775833333333335,15.737777777777778,6.425527777777778
531,15.737777777777778,6.425527777777778,15.580052777777778,10.53886111111111
532,15.580052777777778,10.53886111111111,15.769780555555556,15.421916666666666
533,15.769780555555556,15.421916666666666,15.940830555555555,15.664722222222222
534,15.940830555555555,15.664722222222222,15.812336111111112,18.141777777777776
535,15.812336111111112,18.141777777777776,15.769780555555556,15.421916666666666
536,18.93698888888889,4.2035277777777775,18.35525555555556,-2.897111111111111
537,18.35525555555556,-2.897111111111111,17.690255555555556,-12.875166666666667
538,17.690255555555556,-12.875166666666667,17.62645277777778,-15.398416666666666
539,17.62645277777778,-15.398416666666666,17.34712222222222,-12.84688888888889
540,10.504861111111111,-0.6369722222222222,10.132305555555556,-0.37163888888888885
541,19.684147222222222,17.47611111111111,19.789797222222223,18.53425
542,19.789797222222223,18.53425,19.668272222222225,18.013944444444444
543,19.789797222222223,18.53425,19.979274999999998,19.492083333333333
544,19.979274999999998,19.492083333333333,20.085963888888887,19.99088888888889
545,18.349894444444445,-29.828027777777777,18.46618611111111,-25.42125
546,18.29381388888889,-36.76127777777778,18.402874999999998,-34.38430555555556
547,18.402874999999998,-34.38430555555556,18.09681111111111,-30.423638888888892
548,18.09681111111111,-30.423638888888892,17.792675000000003,-27.83075
549,18.09681111111111,-30.423638888888892,18.349894444444445,-29.828027777777777
550,18.349894444444445,-29.828027777777777,18.402874999999998,-34.38430555555556
551,18.402874999999998,-34.38430555555556,19.043533333333336,-29.880111111111113
552,19.043533333333336,-29.880111111111113,18.760930555555557,-26.99077777777778
553,18.760930555555557,-26.99077777777778,18.349894444444445,-29.828027777777777
554,18.760930555555557,-26.99077777777778,18.46618611111111,-25.42125
555,18.46618611111111,-25.42125,18.229391666666665,-21.058833333333332
556,19.043533333333336,-29.880111111111113,19.11567777777778,-27.669805555555556
557,19.11567777777778,-27.669805555555556,18.92108888888889,-26.296583333333334
558,18.92108888888889,-26.296583333333334,18.760930555555557,-26.99077777777778
559,18.92108888888889,-26.296583333333334,18.96216111111111,-21.106611111111114
560,18.96216111111111,-21.106611111111114,19.07803611111111,-21.74136111111111
561,19.07803611111111,-21.74136111111111,19.29391388888889,-18.95288888888889
562,19.29391388888889,-18.95288888888889,19.361216666666667,-17.84725
563,19.11567777777778,-27.669805555555556,19.600458333333336,-24.719027777777775
564,19.600458333333336,-24.719027777777775,20.044294444444446,-27.709888888888887
565,20.044294444444446,-27.709888888888887,19.99560277777778,-35.27625
566,19.99560277777778,-35.27625,19.921022222222224,-41.86841666666667
567,19.921022222222224,-41.86841666666667,19.398097222222223,-40.61563888888889
568,19.921022222222224,-41.86841666666667,19.38696111111111,-44.799638888888886
569,5.438194444444445,28.607861111111113,4.704083333333333,22.956972222222223
570,4.704083333333333,22.956972222222223,4.4769250000000005,19.18052777777778
571,4.5986666666666665,16.50975,5.627411111111112,21.142583333333334
572,4.329869444444444,15.627694444444446,4.382230555555555,17.542583333333337
573,4.329869444444444,15.627694444444446,4.011338888888889,12.490388888888887
574,4.011338888888889,12.490388888888887,3.4135666666666666,9.029055555555557
575,4.5986666666666665,16.50975,4.4769250000000005,19.18052777777778
576,4.5986666666666665,16.50975,4.477686111111111,15.870944444444445
577,4.477686111111111,15.870944444444445,4.329869444444444,15.627694444444446
578,4.4769250000000005,19.18052777777778,4.4248111111111115,17.928
579,4.4248111111111115,17.928,4.382230555555555,17.542583333333337
580,4.382230555555555,17.542583333333337,3.8193694444444444,24.053527777777777
581,18.480483333333332,-49.07002777777778,18.44956388888889,-45.968333333333334
582,16.811075000000002,-69.02763888888889,15.315191666666667,-68.67947222222223
583,15.315191666666667,-68.67947222222223,15.919113888888889,-63.42975
584,15.919113888888889,-63.42975,16.811075000000002,-69.02763888888889
585,2.2656388888888888,33.35897222222222,2.1590333333333334,34.98738888888889
586,2.1590333333333334,34.98738888888889,1.8846944444444444,29.57938888888889
587,1.8846944444444444,29.57938888888889,2.2656388888888888,33.35897222222222
588,22.308383333333335,-60.2595,23.290502777777778,-58.23591666666667
589,23.290502777777778,-58.23591666666667,0.33386388888888885,-64.87761111111111
590,23.290502777777778,-58.23591666666667,0.5257111111111111,-62.958083333333335
591,13.792375,49.31330555555555,13.398727777777777,54.92541666666666
592,13.398727777777777,54.92541666666666,12.900452777777778,55.959833333333336
593,12.900452777777778,55.959833333333336,12.257069444444445,57.03261111111111
594,12.257069444444445,57.03261111111111,11.062177777777778,61.75111111111111
595,11.062177777777778,61.75111111111111,11.03066388888889,56.382333333333335
596,11.03066388888889,56.382333333333335,11.89715,53.69472222222222
597,11.89715,53.69472222222222,12.257069444444445,57.03261111111111
598,11.89715,53.69472222222222,11.767536111111111,47.779333333333334
599,11.767536111111111,47.779333333333334,11.161072222222222,44.498555555555555
600,11.161072222222222,44.498555555555555,10.284980555555556,42.91447222222222
601,11.161072222222222,44.498555555555555,10.372166666666667,41.49944444444444
602,11.03066388888889,56.382333333333335,9.868433333333334,54.064277777777775
603,9.868433333333334,54.064277777777775,9.547869444444444,51.67861111111111
604,9.547869444444444,51.67861111111111,9.060433333333334,47.156666666666666
605,9.547869444444444,51.67861111111111,8.986899999999999,48.042361111111106
606,9.868433333333334,54.064277777777775,9.849913888888889,59.03911111111111
607,9.849913888888889,59.03911111111111,8.504452777777777,60.718444444444444
608,8.504452777777777,60.718444444444444,9.525436111111112,63.06180555555555
609,9.525436111111112,63.06180555555555,11.062177777777778,61.75111111111111
610,2.5297444444444444,89.2641388888889,17.53691666666667,86.58633333333333
611,17.53691666666667,86.58633333333333,16.766155555555557,82.03725
612,16.766155555555557,82.03725,15.734294444444444,77.7945
613,15.734294444444444,77.7945,16.29180555555556,75.75469444444444
614,16.29180555555556,75.75469444444444,15.345486111111112,71.83397222222222
615,15.345486111111112,71.83397222222222,14.845111111111112,74.15547222222223
616,14.845111111111112,74.15547222222223,15.734294444444444,77.7945
617,8.158877777777779,-47.33661111111111,8.671558333333333,-52.92197222222222
618,8.671558333333333,-52.92197222222222,8.745055555555554,-54.708555555555556
619,8.745055555555554,-54.708555555555556,9.36856388888889,-55.01069444444445
620,9.36856388888889,-55.01069444444445,9.947708333333333,-54.56780555555556
621,9.947708333333333,-54.56780555555556,10.779477777777778,-49.420138888888886
622,10.779477777777778,-49.420138888888886,10.62173888888889,-48.225611111111114
623,10.62173888888889,-48.225611111111114,10.245630555555556,-42.122055555555555
624,10.245630555555556,-42.122055555555555,9.511697222222223,-40.46688888888889
625,9.511697222222223,-40.46688888888889,9.133272222222223,-43.43261111111111
626,9.133272222222223,-43.43261111111111,8.158877777777779,-47.33661111111111
627,11.764325,6.529805555555556,12.311194444444444,-0.7871388888888888
628,12.311194444444444,-0.7871388888888888,12.694444444444445,-1.4495277777777777
629,12.694444444444445,-1.4495277777777777,13.419888888888888,-11.16125
630,13.419888888888888,-11.16125,14.214927777777778,-10.274055555555556
631,14.214927777777778,-10.274055555555556,14.266911111111112,-5.999527777777778
632,14.266911111111112,-5.999527777777778,14.717655555555556,-5.657416666666667
633,13.419888888888888,-11.16125,13.57826388888889,-0.5959444444444445
634,13.57826388888889,-0.5959444444444445,14.02743888888889,1.5445833333333332
635,14.02743888888889,1.5445833333333332,14.770830555555557,1.8929444444444443
636,13.57826388888889,-0.5959444444444445,12.9268,3.397611111111111
637,12.9268,3.397611111111111,13.036322222222221,10.95911111111111
638,12.9268,3.397611111111111,12.694444444444445,-1.4495277777777777
639,7.697,-72.60613888888888,7.145783333333334,-70.49919444444444
640,7.145783333333334,-70.49919444444444,8.132177777777779,-68.61713888888889
641,8.132177777777779,-68.61713888888889,7.697,-72.60613888888888
642,8.132177777777779,-68.61713888888889,7.280508333333334,-67.95716666666667
643,8.132177777777779,-68.61713888888889,8.428958333333332,-66.13652777777779
644,8.428958333333332,-66.13652777777779,9.040777777777778,-66.39583333333334
645,9.040777777777778,-66.39583333333334,8.132177777777779,-68.61713888888889
646,19.478447222222222,24.665166666666664,20.01833611111111,27.753555555555554
