1,9,-49,228
2,9,-48,789
3,9,-47,310
4,25,-46,311
5,26,-46,234
6,-50,-43,282
7,-67,-42,247
8,-50,-42,224
9,-68,-41,201
10,-67,-41,322
11,-66,-41,274
12,-62,-41,281
13,-50,-41,252
14,-49,-41,309
15,-44,-41,274
16,-43,-41,294
17,-42,-41,277
18,-41,-41,270
19,-38,-41,201
20,-37,-41,310
21,-36,-41,232
22,-34,-41,252
23,-33,-41,221
24,-7,-41,208
25,-76,-40,207
26,-73,-40,242
27,-72,-40,251
28,-71,-40,219
29,-68,-40,312
30,-67,-40,338
31,-66,-40,338
32,-65,-40,244
33,-62,-40,319
34,-57,-40,226
35,-50,-40,218
36,-44,-40,251
37,-43,-40,302
38,-42,-40,278
39,-41,-40,218
40,-39,-40,206
41,-38,-40,262
42,-37,-40,284
43,-36,-40,360
44,-35,-40,335
45,-34,-40,262
46,-33,-40,268
47,-32,-40,248
48,-29,-40,208
49,-28,-40,220
50,-25,-40,268
51,-23,-40,244
52,-22,-40,295
53,-19,-40,233
54,-14,-40,232
55,-11,-40,213
56,-72,-39,331
57,-71,-39,307
58,-70,-39,242
59,-69,-39,211
60,-68,-39,356
61,-67,-39,309
62,-66,-39,268
63,-65,-39,314
64,-64,-39,209
65,-63,-39,277
66,-62,-39,279
67,-43,-39,221
68,-42,-39,238
69,-41,-39,268
70,-40,-39,230
71,-38,-39,243
72,-37,-39,291
73,-36,-39,316
74,-35,-39,397
75,-34,-39,448
76,-33,-39,356
77,-32,-39,214
78,-26,-39,276
79,-25,-39,245
80,-24,-39,255
81,-23,-39,285
82,-22,-39,326
83,-21,-39,317
84,-20,-39,303
85,-19,-39,344
86,-18,-39,217
87,-17,-39,223
88,-16,-39,285
89,-15,-39,218
90,-14,-39,267
91,-13,-39,235
92,-12,-39,231
93,-11,-39,240
94,-10,-39,233
95,-77,-38,231
96,-76,-38,388
97,-75,-38,282
98,-73,-38,283
99,-72,-38,488
100,-71,-38,440
101,-70,-38,331
102,-69,-38,299
103,-68,-38,337
104,-67,-38,385
105,-66,-38,274
106,-65,-38,440
107,-64,-38,478
108,-63,-38,389
109,-62,-38,351
110,-60,-38,219
111,-59,-38,420
112,-52,-38,214
113,-42,-38,379
114,-41,-38,418
115,-40,-38,284
116,-39,-38,242
117,-38,-38,440
118,-37,-38,292
119,-36,-38,326
120,-35,-38,409
121,-34,-38,343
122,-33,-38,296
123,-32,-38,334
124,-29,-38,305
125,-28,-38,338
126,-27,-38,242
127,-26,-38,353
128,-25,-38,473
129,-24,-38,329
130,-23,-38,397
131,-22,-38,431
132,-21,-38,466
133,-20,-38,615
134,-19,-38,461
135,-18,-38,333
136,-17,-38,264
137,-16,-38,415
138,-15,-38,299
139,-14,-38,361
140,-13,-38,366
141,-12,-38,316
142,-11,-38,473
143,-10,-38,331
144,-9,-38,207
145,-4,-38,226
146,-77,-37,274
147,-76,-37,351
148,-75,-37,259
149,-73,-37,325
150,-72,-37,401
151,-71,-37,399
152,-70,-37,311
153,-69,-37,361
154,-68,-37,310
155,-67,-37,405
156,-66,-37,365
157,-65,-37,532
158,-64,-37,471
159,-63,-37,329
160,-62,-37,360
161,-61,-37,270
162,-60,-37,315
163,-59,-37,462
164,-58,-37,403
165,-57,-37,227
166,-56,-37,254
167,-43,-37,243
168,-42,-37,565
169,-41,-37,612
170,-40,-37,548
171,-39,-37,399
172,-38,-37,349
173,-37,-37,361
174,-36,-37,332
175,-35,-37,330
176,-32,-37,324
177,-31,-37,369
178,-30,-37,287
179,-29,-37,482
180,-28,-37,659
181,-27,-37,403
182,-26,-37,622
183,-25,-37,709
184,-24,-37,470
185,-23,-37,572
186,-22,-37,653
187,-21,-37,646
188,-20,-37,677
189,-19,-37,562
190,-18,-37,425
191,-17,-37,612
192,-16,-37,695
193,-15,-37,536
194,-14,-37,597
195,-13,-37,408
196,-12,-37,420
197,-11,-37,434
198,-10,-37,318
199,-9,-37,303
200,-8,-37,265
201,-5,-37,230
202,-4,-37,301
203,55,-37,413
204,-79,-36,223
205,-77,-36,242
206,-76,-36,307
207,-75,-36,249
208,-74,-36,225
209,-73,-36,315
210,-72,-36,355
211,-71,-36,390
212,-70,-36,341
213,-69,-36,543
214,-68,-36,459
215,-67,-36,382
216,-66,-36,427
217,-65,-36,493
218,-64,-36,626
219,-63,-36,475
220,-62,-36,335
221,-61,-36,355
222,-60,-36,393
223,-59,-36,414
224,-58,-36,296
225,-56,-36,204
226,-42,-36,212
227,-41,-36,436
228,-40,-36,573
229,-39,-36,375
230,-38,-36,332
231,-37,-36,259
232,-36,-36,256
233,-31,-36,363
234,-30,-36,367
235,-29,-36,442
236,-28,-36,593
237,-27,-36,544
238,-26,-36,587
239,-25,-36,729
240,-24,-36,407
241,-23,-36,327
242,-22,-36,616
243,-21,-36,629
244,-20,-36,693
245,-19,-36,554
246,-18,-36,666
247,-17,-36,831
248,-16,-36,585
249,-15,-36,565
250,-14,-36,521
251,-13,-36,567
252,-12,-36,440
253,-11,-36,449
254,-10,-36,347
255,-9,-36,291
256,-8,-36,283
257,-7,-36,230
258,-6,-36,211
259,-5,-36,306
260,-4,-36,265
261,-1,-36,216
262,5,-36,210
263,54,-36,203
264,55,-36,1406
265,56,-36,467
266,-84,-35,309
267,-80,-35,427
268,-79,-35,412
269,-78,-35,224
270,-77,-35,428
271,-76,-35,517
272,-75,-35,552
273,-74,-35,415
274,-73,-35,422
275,-72,-35,550
276,-71,-35,501
277,-70,-35,584
278,-69,-35,669
279,-68,-35,738
280,-67,-35,1059
281,-66,-35,798
282,-65,-35,716
283,-64,-35,988
284,-63,-35,672
285,-62,-35,676
286,-61,-35,910
287,-60,-35,465
288,-59,-35,504
289,-58,-35,428
290,-48,-35,226
291,-47,-35,248
292,-41,-35,367
293,-40,-35,455
294,-39,-35,209
295,-38,-35,213
296,-37,-35,393
297,-36,-35,276
298,-32,-35,308
299,-31,-35,704
300,-30,-35,545
301,-29,-35,524
302,-28,-35,693
303,-27,-35,813
304,-26,-35,787
305,-25,-35,748
306,-24,-35,350
307,-23,-35,334
308,-22,-35,817
309,-21,-35,772
310,-20,-35,844
311,-19,-35,818
312,-18,-35,647
313,-17,-35,992
314,-16,-35,1024
315,-15,-35,807
316,-14,-35,860
317,-13,-35,489
318,-12,-35,549
319,-11,-35,545
320,-10,-35,532
321,-9,-35,393
322,-8,-35,295
323,-7,-35,318
324,-6,-35,336
325,-5,-35,373
326,-4,-35,361
327,-3,-35,217
328,-2,-35,293
329,-1,-35,225
330,5,-35,298
331,55,-35,230
332,-85,-34,289
333,-84,-34,376
334,-81,-34,374
335,-80,-34,583
336,-79,-34,625
337,-78,-34,506
338,-77,-34,700
339,-76,-34,814
340,-75,-34,630
341,-74,-34,656
342,-73,-34,809
343,-72,-34,431
344,-71,-34,515
345,-70,-34,875
346,-69,-34,929
347,-68,-34,1111
348,-67,-34,846
349,-66,-34,752
350,-65,-34,1240
351,-64,-34,822
352,-63,-34,944
353,-62,-34,825
354,-61,-34,725
355,-60,-34,609
356,-59,-34,452
357,-58,-34,264
358,-48,-34,248
359,-47,-34,324
360,-43,-34,208
361,-40,-34,205
362,-33,-34,232
363,-32,-34,531
364,-31,-34,738
365,-30,-34,935
366,-29,-34,695
367,-28,-34,402
368,-27,-34,775
369,-26,-34,1225
370,-25,-34,1154
371,-24,-34,782
372,-23,-34,771
373,-22,-34,847
374,-21,-34,890
375,-20,-34,1054
376,-19,-34,869
377,-18,-34,1012
378,-17,-34,1111
379,-16,-34,1176
380,-15,-34,917
381,-14,-34,795
382,-13,-34,822
383,-12,-34,628
384,-11,-34,690
385,-10,-34,457
386,-9,-34,546
387,-8,-34,329
388,-7,-34,257
389,-6,-34,247
390,-5,-34,377
391,-4,-34,249
392,-3,-34,222
393,-2,-34,279
394,-1,-34,328
395,0,-34,372
396,5,-34,281
397,-85,-33,377
398,-84,-33,322
399,-81,-33,532
400,-80,-33,656
401,-79,-33,673
402,-78,-33,506
403,-77,-33,638
404,-76,-33,841
405,-75,-33,713
406,-74,-33,613
407,-73,-33,736
408,-72,-33,644
409,-71,-33,913
410,-70,-33,1053
411,-69,-33,926
412,-68,-33,958
413,-67,-33,1007
414,-66,-33,836
415,-65,-33,1044
416,-64,-33,841
417,-63,-33,844
418,-62,-33,748
419,-61,-33,698
420,-60,-33,438
421,-59,-33,303
422,-33,-33,316
423,-32,-33,629
424,-31,-33,512
425,-30,-33,886
426,-29,-33,888
427,-28,-33,441
428,-27,-33,359
429,-26,-33,879
430,-25,-33,984
431,-24,-33,910
432,-23,-33,1045
433,-22,-33,748
434,-21,-33,545
435,-20,-33,907
436,-19,-33,708
437,-18,-33,722
438,-17,-33,948
439,-16,-33,1019
440,-15,-33,725
441,-14,-33,744
442,-13,-33,723
443,-12,-33,504
444,-11,-33,584
445,-10,-33,361
446,-9,-33,384
447,-8,-33,345
448,-7,-33,258
449,-2,-33,253
450,-1,-33,286
451,0,-33,214
452,-86,-32,227
453,-85,-32,376
454,-82,-32,453
455,-81,-32,663
456,-80,-32,727
457,-79,-32,819
458,-78,-32,474
459,-77,-32,688
460,-76,-32,1081
461,-75,-32,790
462,-74,-32,909
463,-73,-32,1232
464,-72,-32,981
465,-71,-32,1224
466,-70,-32,1041
467,-69,-32,908
468,-68,-32,776
469,-67,-32,1145
470,-66,-32,922
471,-65,-32,908
472,-64,-32,1055
473,-63,-32,992
474,-62,-32,979
475,-61,-32,539
476,-60,-32,388
477,-59,-32,317
478,-50,-32,233
479,-44,-32,206
480,-34,-32,232
481,-33,-32,439
482,-32,-32,1475
483,-31,-32,1086
484,-30,-32,1029
485,-29,-32,1267
486,-28,-32,1000
487,-27,-32,235
488,-26,-32,695
489,-25,-32,865
490,-24,-32,832
491,-23,-32,1151
492,-22,-32,1139
493,-21,-32,546
494,-20,-32,732
495,-19,-32,1227
496,-18,-32,808
497,-17,-32,1006
498,-16,-32,1364
499,-15,-32,921
500,-14,-32,1019
501,-13,-32,649
502,-12,-32,650
503,-11,-32,701
504,-10,-32,814
505,-9,-32,543
506,-8,-32,622
507,-7,-32,201
508,-2,-32,230
509,1,-32,275
510,8,-32,279
511,-86,-31,397
512,-85,-31,534
513,-84,-31,423
514,-83,-31,348
515,-82,-31,467
516,-81,-31,580
517,-80,-31,749
518,-79,-31,500
519,-78,-31,387
520,-77,-31,758
521,-76,-31,895
522,-75,-31,686
523,-74,-31,745
524,-73,-31,1146
525,-72,-31,1510
526,-71,-31,1749
527,-70,-31,1160
528,-69,-31,574
529,-68,-31,423
530,-67,-31,887
531,-66,-31,777
532,-65,-31,1092
533,-64,-31,756
534,-63,-31,383
535,-62,-31,348
536,-61,-31,288
537,-60,-31,207
538,-59,-31,293
539,-52,-31,243
540,-51,-31,388
541,-50,-31,263
542,-47,-31,555
543,-46,-31,276
544,-43,-31,361
545,-41,-31,226
546,-34,-31,229
547,-33,-31,445
548,-32,-31,1174
549,-31,-31,1306
550,-30,-31,1368
551,-29,-31,1229
552,-28,-31,796
553,-27,-31,461
554,-26,-31,364
555,-25,-31,527
556,-24,-31,488
557,-23,-31,741
558,-22,-31,1126
559,-21,-31,854
560,-20,-31,603
561,-19,-31,802
562,-18,-31,636
563,-17,-31,844
564,-16,-31,1060
565,-15,-31,928
566,-14,-31,1092
567,-13,-31,863
568,-12,-31,725
569,-11,-31,724
570,-10,-31,821
571,-9,-31,566
572,-8,-31,451
573,-7,-31,281
574,1,-31,337
575,7,-31,241
576,-87,-30,371
577,-86,-30,421
578,-85,-30,484
579,-84,-30,463
580,-83,-30,355
581,-82,-30,434
582,-81,-30,298
583,-79,-30,246
584,-78,-30,234
585,-77,-30,583
586,-76,-30,1001
587,-75,-30,276
588,-74,-30,327
589,-73,-30,743
590,-72,-30,980
591,-71,-30,966
592,-70,-30,343
593,-68,-30,259
594,-67,-30,514
595,-66,-30,351
596,-65,-30,549
597,-64,-30,406
598,-55,-30,214
599,-53,-30,452
600,-52,-30,739
601,-51,-30,572
602,-50,-30,611
603,-49,-30,432
604,-48,-30,439
605,-47,-30,596
606,-46,-30,789
607,-45,-30,529
608,-44,-30,572
609,-43,-30,474
610,-42,-30,430
611,-41,-30,517
612,-40,-30,397
613,-39,-30,263
614,-38,-30,278
615,-33,-30,497
616,-32,-30,770
617,-31,-30,1082
618,-30,-30,481
619,-29,-30,506
620,-28,-30,622
621,-25,-30,425
622,-24,-30,264
623,-23,-30,415
624,-22,-30,692
625,-21,-30,668
626,-20,-30,479
627,-19,-30,465
628,-18,-30,387
629,-17,-30,647
630,-16,-30,556
631,-15,-30,467
632,-14,-30,590
633,-13,-30,662
634,-12,-30,587
635,-11,-30,436
636,-10,-30,642
637,-9,-30,307
638,-8,-30,526
639,-7,-30,490
640,-6,-30,208
641,0,-30,271
642,1,-30,241
643,2,-30,307
644,7,-30,235
645,8,-30,235
646,18,-30,219
647,19,-30,273
648,20,-30,223
649,-94,-29,238
650,-93,-29,258
651,-87,-29,475
652,-86,-29,314
653,-85,-29,223
654,-84,-29,489
655,-83,-29,637
656,-82,-29,671
657,-81,-29,506
658,-80,-29,216
659,-78,-29,327
660,-77,-29,1078
661,-76,-29,873
662,-75,-29,284
663,-73,-29,225
664,-72,-29,394
665,-71,-29,362
666,-67,-29,257
667,-65,-29,326
668,-64,-29,261
669,-55,-29,1002
670,-54,-29,874
671,-53,-29,796
672,-52,-29,1140
673,-51,-29,707
674,-50,-29,832
675,-49,-29,854
676,-48,-29,767
677,-47,-29,802
678,-46,-29,1124
679,-45,-29,888
680,-44,-29,1144
681,-43,-29,939
682,-42,-29,822
683,-41,-29,871
684,-40,-29,618
685,-39,-29,447
686,-38,-29,358
687,-34,-29,596
688,-33,-29,815
689,-32,-29,1164
690,-31,-29,993
691,-30,-29,485
692,-25,-29,217
693,-23,-29,248
694,-22,-29,441
695,-21,-29,579
696,-20,-29,640
697,-19,-29,373
698,-18,-29,227
699,-17,-29,306
700,-16,-29,544
701,-15,-29,444
702,-14,-29,385
703,-13,-29,423
704,-12,-29,407
705,-8,-29,219
706,-7,-29,531
707,-6,-29,347
708,-5,-29,566
709,-4,-29,469
710,-1,-29,306
711,0,-29,548
712,1,-29,273
713,2,-29,405
714,3,-29,300
715,4,-29,275
716,7,-29,578
717,8,-29,245
718,13,-29,214
719,14,-29,268
720,15,-29,282
721,16,-29,225
722,18,-29,251
723,19,-29,319
724,20,-29,345
725,-109,-28,212
726,-106,-28,221
727,-105,-28,220
728,-95,-28,412
729,-94,-28,452
730,-93,-28,518
731,-88,-28,256
732,-87,-28,429
733,-86,-28,302
734,-85,-28,573
735,-84,-28,709
736,-83,-28,886
737,-82,-28,581
738,-81,-28,483
739,-80,-28,538
740,-79,-28,259
741,-77,-28,293
742,-76,-28,263
743,-65,-28,230
744,-60,-28,336
745,-56,-28,509
746,-55,-28,1121
747,-54,-28,978
748,-53,-28,621
749,-52,-28,930
750,-51,-28,801
751,-50,-28,835
752,-49,-28,936
753,-48,-28,662
754,-47,-28,886
755,-46,-28,1036
756,-45,-28,1169
757,-44,-28,974
758,-43,-28,829
759,-42,-28,735
760,-41,-28,776
761,-40,-28,463
762,-39,-28,224
763,-38,-28,387
764,-37,-28,277
765,-36,-28,330
766,-35,-28,636
767,-34,-28,638
768,-33,-28,628
769,-32,-28,833
770,-31,-28,599
771,-30,-28,349
772,-22,-28,214
773,-21,-28,312
774,-20,-28,393
775,-19,-28,472
776,-18,-28,241
777,-17,-28,314
778,-16,-28,396
779,-15,-28,349
780,-14,-28,368
781,-6,-28,247
782,-5,-28,266
783,-4,-28,378
784,-2,-28,403
785,-1,-28,725
786,0,-28,521
787,1,-28,466
788,2,-28,413
789,3,-28,564
790,4,-28,348
791,6,-28,243
792,7,-28,470
793,8,-28,496
794,11,-28,285
795,12,-28,286
796,13,-28,271
797,14,-28,295
798,15,-28,224
799,16,-28,303
800,17,-28,286
801,18,-28,345
802,19,-28,516
803,20,-28,259
804,21,-28,227
805,69,-28,204
806,-110,-27,314
807,-107,-27,239
808,-106,-27,330
809,-96,-27,295
810,-95,-27,405
811,-94,-27,707
812,-93,-27,536
813,-92,-27,536
814,-91,-27,403
815,-88,-27,476
816,-87,-27,622
817,-86,-27,544
818,-85,-27,621
819,-84,-27,676
820,-83,-27,760
821,-82,-27,610
822,-81,-27,335
823,-80,-27,491
824,-79,-27,376
825,-77,-27,219
826,-76,-27,204
827,-61,-27,202
828,-60,-27,375
829,-59,-27,383
830,-58,-27,316
831,-57,-27,458
832,-56,-27,900
833,-55,-27,1115
834,-54,-27,989
835,-53,-27,962
836,-52,-27,859
837,-51,-27,637
838,-50,-27,835
839,-49,-27,559
840,-48,-27,535
841,-47,-27,695
842,-46,-27,929
843,-45,-27,808
844,-44,-27,779
845,-43,-27,831
846,-42,-27,586
847,-41,-27,664
848,-40,-27,412
849,-39,-27,306
850,-38,-27,293
851,-37,-27,289
852,-36,-27,371
853,-35,-27,520
854,-34,-27,504
855,-33,-27,477
856,-32,-27,438
857,-31,-27,368
858,-30,-27,255
859,-29,-27,213
860,-23,-27,242
861,-22,-27,267
862,-21,-27,256
863,-20,-27,205
864,-19,-27,472
865,-18,-27,361
866,-17,-27,266
867,-14,-27,359
868,-5,-27,240
869,-1,-27,380
870,0,-27,476
871,1,-27,533
872,2,-27,417
873,3,-27,396
874,4,-27,479
875,11,-27,290
876,12,-27,407
877,13,-27,260
878,15,-27,203
879,16,-27,276
880,17,-27,293
881,18,-27,336
882,19,-27,794
883,20,-27,221
884,21,-27,236
885,46,-27,352
886,47,-27,326
887,-109,-26,237
888,-108,-26,269
889,-107,-26,304
890,-106,-26,349
891,-105,-26,339
892,-104,-26,239
893,-97,-26,215
894,-96,-26,430
895,-95,-26,571
896,-94,-26,727
897,-93,-26,792
898,-92,-26,817
899,-91,-26,356
900,-90,-26,233
901,-89,-26,220
902,-88,-26,644
903,-87,-26,764
904,-86,-26,478
905,-85,-26,690
906,-84,-26,728
907,-83,-26,753
908,-82,-26,663
909,-80,-26,220
910,-79,-26,230
911,-77,-26,208
912,-61,-26,395
913,-60,-26,394
914,-59,-26,467
915,-58,-26,885
916,-57,-26,788
917,-56,-26,1209
918,-55,-26,1320
919,-54,-26,1032
920,-53,-26,1173
921,-52,-26,986
922,-51,-26,790
923,-50,-26,994
924,-49,-26,703
925,-48,-26,613
926,-47,-26,1029
927,-46,-26,1334
928,-45,-26,822
929,-44,-26,1042
930,-43,-26,935
931,-42,-26,686
932,-41,-26,800
933,-40,-26,494
934,-39,-26,384
935,-38,-26,398
936,-37,-26,341
937,-36,-26,347
938,-35,-26,378
939,-34,-26,618
940,-33,-26,633
941,-32,-26,560
942,-31,-26,361
943,-30,-26,351
944,-29,-26,387
945,-22,-26,231
946,-21,-26,230
947,-20,-26,275
948,-19,-26,591
949,-18,-26,459
950,-17,-26,494
951,-16,-26,333
952,-15,-26,417
953,-14,-26,484
954,-13,-26,337
955,-7,-26,231
956,0,-26,384
957,1,-26,568
958,2,-26,275
959,4,-26,235
960,12,-26,321
961,13,-26,360
962,15,-26,304
963,16,-26,213
964,17,-26,431
965,18,-26,204
966,19,-26,330
967,20,-26,295
968,22,-26,211
969,32,-26,345
970,47,-26,304
971,-109,-25,250
972,-108,-25,214
973,-107,-25,363
974,-106,-25,439
975,-105,-25,336
976,-104,-25,280
977,-103,-25,293
978,-97,-25,431
979,-96,-25,571
980,-95,-25,980
981,-94,-25,742
982,-93,-25,897
983,-92,-25,615
984,-91,-25,440
985,-90,-25,439
986,-89,-25,388
987,-88,-25,687
988,-87,-25,1057
989,-86,-25,390
990,-85,-25,298
991,-84,-25,452
992,-83,-25,1159
993,-82,-25,602
994,-71,-25,558
995,-70,-25,364
996,-60,-25,527
997,-59,-25,581
998,-58,-25,630
999,-57,-25,990
1000,-56,-25,1406
1001,-55,-25,1390
1002,-54,-25,1371
1003,-53,-25,1220
1004,-52,-25,1172
1005,-51,-25,940
1006,-50,-25,1149
1007,-49,-25,1072
1008,-48,-25,899
1009,-47,-25,964
1010,-46,-25,1156
1011,-45,-25,1061
1012,-44,-25,851
1013,-43,-25,1014
1014,-42,-25,753
1015,-41,-25,615
1016,-40,-25,415
1017,-39,-25,292
1018,-38,-25,436
1019,-37,-25,608
1020,-36,-25,484
1021,-35,-25,413
1022,-34,-25,560
1023,-33,-25,541
1024,-32,-25,593
1025,-31,-25,452
1026,-30,-25,364
1027,-29,-25,399
1028,-28,-25,309
1029,-16,-25,251
1030,-15,-25,254
1031,-14,-25,637
1032,-13,-25,580
1033,-12,-25,239
1034,-5,-25,298
1035,14,-25,203
1036,17,-25,357
1037,18,-25,331
1038,31,-25,214
1039,32,-25,746
1040,33,-25,275
1041,-116,-24,211
1042,-108,-24,315
1043,-107,-24,367
1044,-106,-24,472
1045,-105,-24,400
1046,-104,-24,314
1047,-103,-24,218
1048,-98,-24,260
1049,-97,-24,584
1050,-96,-24,1036
1051,-95,-24,1047
1052,-94,-24,1456
1053,-93,-24,858
1054,-92,-24,729
1055,-91,-24,482
1056,-90,-24,347
1057,-89,-24,489
1058,-88,-24,814
1059,-87,-24,623
1060,-84,-24,387
1061,-83,-24,710
1062,-74,-24,292
1063,-73,-24,213
1064,-72,-24,279
1065,-71,-24,375
1066,-70,-24,346
1067,-61,-24,361
1068,-60,-24,557
1069,-59,-24,428
1070,-58,-24,452
1071,-57,-24,727
1072,-56,-24,1063
1073,-55,-24,896
1074,-54,-24,756
1075,-53,-24,767
1076,-52,-24,981
1077,-51,-24,625
1078,-50,-24,795
1079,-49,-24,726
1080,-48,-24,568
1081,-47,-24,630
1082,-46,-24,673
1083,-45,-24,542
1084,-44,-24,549
1085,-43,-24,742
1086,-42,-24,451
1087,-41,-24,607
1088,-40,-24,285
1089,-39,-24,272
1090,-38,-24,392
1091,-37,-24,494
1092,-36,-24,274
1093,-35,-24,228
1094,-34,-24,292
1095,-33,-24,240
1096,-32,-24,241
1097,-31,-24,463
1098,-30,-24,385
1099,-29,-24,357
1100,-28,-24,322
1101,-21,-24,279
1102,-20,-24,206
1103,-16,-24,326
1104,-15,-24,316
1105,-14,-24,473
1106,-13,-24,496
1107,-12,-24,306
1108,-117,-23,329
1109,-116,-23,241
1110,-115,-23,240
1111,-110,-23,210
1112,-109,-23,226
1113,-108,-23,301
1114,-107,-23,422
1115,-106,-23,518
1116,-105,-23,350
1117,-104,-23,274
1118,-103,-23,211
1119,-101,-23,236
1120,-98,-23,622
1121,-97,-23,797
1122,-96,-23,903
1123,-95,-23,1249
1124,-94,-23,1011
1125,-93,-23,1104
1126,-92,-23,734
1127,-91,-23,488
1128,-90,-23,383
1129,-89,-23,414
1130,-88,-23,830
1131,-87,-23,347
1132,-76,-23,211
1133,-75,-23,352
1134,-74,-23,548
1135,-73,-23,656
1136,-72,-23,383
1137,-71,-23,310
1138,-62,-23,209
1139,-61,-23,482
1140,-60,-23,413
1141,-59,-23,372
1142,-58,-23,511
1143,-57,-23,527
1144,-56,-23,652
1145,-55,-23,866
1146,-54,-23,792
1147,-53,-23,675
1148,-52,-23,741
1149,-51,-23,603
1150,-50,-23,636
1151,-49,-23,799
1152,-48,-23,387
1153,-47,-23,589
1154,-46,-23,560
1155,-45,-23,476
1156,-44,-23,470
1157,-43,-23,501
1158,-42,-23,461
1159,-41,-23,521
1160,-40,-23,422
1161,-39,-23,225
1162,-38,-23,304
1163,-37,-23,358
1164,-36,-23,255
1165,-34,-23,289
1166,-33,-23,308
1167,-32,-23,350
1168,-31,-23,447
1169,-30,-23,468
1170,-29,-23,373
1171,-28,-23,419
1172,-27,-23,454
1173,-26,-23,224
1174,-21,-23,281
1175,-20,-23,208
1176,-19,-23,217
1177,-18,-23,267
1178,-17,-23,240
1179,-16,-23,299
1180,-15,-23,371
1181,-14,-23,391
1182,-13,-23,392
1183,-12,-23,257
1184,11,-23,217
1185,12,-23,253
1186,13,-23,283
1187,14,-23,218
1188,-119,-22,215
1189,-118,-22,244
1190,-117,-22,246
1191,-116,-22,327
1192,-115,-22,234
1193,-114,-22,230
1194,-113,-22,262
1195,-112,-22,287
1196,-111,-22,297
1197,-110,-22,270
1198,-109,-22,241
1199,-108,-22,421
1200,-107,-22,419
1201,-106,-22,379
1202,-105,-22,303
1203,-104,-22,273
1204,-99,-22,320
1205,-98,-22,649
1206,-97,-22,823
1207,-96,-22,1175
1208,-95,-22,1518
1209,-94,-22,1319
1210,-93,-22,1184
1211,-92,-22,526
1212,-91,-22,405
1213,-89,-22,440
1214,-88,-22,957
1215,-76,-22,250
1216,-75,-22,390
1217,-74,-22,458
1218,-73,-22,619
1219,-72,-22,495
1220,-71,-22,477
1221,-70,-22,262
1222,-61,-22,226
1223,-60,-22,338
1224,-59,-22,418
1225,-58,-22,516
1226,-57,-22,482
1227,-56,-22,529
1228,-55,-22,592
1229,-54,-22,438
1230,-53,-22,333
1231,-52,-22,359
1232,-51,-22,476
1233,-50,-22,449
1234,-49,-22,541
1235,-48,-22,375
1236,-47,-22,517
1237,-46,-22,343
1238,-45,-22,389
1239,-44,-22,344
1240,-43,-22,313
1241,-42,-22,237
1242,-41,-22,360
1243,-40,-22,201
1244,-38,-22,220
1245,-37,-22,230
1246,-36,-22,240
1247,-35,-22,329
1248,-34,-22,297
1249,-33,-22,276
1250,-32,-22,375
1251,-31,-22,507
1252,-30,-22,394
1253,-29,-22,485
1254,-28,-22,481
1255,-27,-22,244
1256,-16,-22,230
1257,-14,-22,220
1258,-13,-22,232
1259,13,-22,364
1260,15,-22,256
1261,16,-22,304
1262,17,-22,343
1263,18,-22,386
1264,19,-22,339
1265,20,-22,226
1266,-120,-21,235
1267,-119,-21,282
1268,-118,-21,227
1269,-117,-21,314
1270,-116,-21,304
1271,-115,-21,269
1272,-113,-21,277
1273,-112,-21,359
1274,-111,-21,469
1275,-110,-21,345
1276,-109,-21,372
1277,-108,-21,339
1278,-107,-21,463
1279,-106,-21,347
1280,-105,-21,413
1281,-104,-21,224
1282,-99,-21,494
1283,-98,-21,646
1284,-97,-21,652
1285,-96,-21,1438
1286,-95,-21,1466
1287,-94,-21,1244
1288,-93,-21,867
1289,-92,-21,333
1290,-91,-21,207
1291,-89,-21,495
1292,-88,-21,678
1293,-77,-21,235
1294,-76,-21,429
1295,-75,-21,295
1296,-74,-21,319
1297,-73,-21,513
1298,-72,-21,342
1299,-71,-21,347
1300,-70,-21,492
1301,-69,-21,268
1302,-61,-21,215
1303,-60,-21,261
1304,-59,-21,380
1305,-58,-21,360
1306,-57,-21,342
1307,-56,-21,350
1308,-55,-21,298
1309,-52,-21,201
1310,-51,-21,250
1311,-50,-21,271
1312,-49,-21,308
1313,-47,-21,229
1314,-46,-21,286
1315,-45,-21,249
1316,-44,-21,209
1317,-43,-21,221
1318,-41,-21,224
1319,-38,-21,207
1320,-37,-21,236
1321,-35,-21,225
1322,-34,-21,309
1323,-33,-21,252
1324,-32,-21,348
1325,-31,-21,355
1326,-30,-21,246
1327,-29,-21,336
1328,-28,-21,327
1329,-13,-21,204
1330,17,-21,339
1331,18,-21,386
1332,19,-21,277
1333,20,-21,241
1334,21,-21,249
1335,-122,-20,211
1336,-121,-20,252
1337,-120,-20,222
1338,-119,-20,263
1339,-118,-20,330
1340,-117,-20,327
1341,-116,-20,365
1342,-113,-20,328
1343,-112,-20,572
1344,-111,-20,398
1345,-110,-20,372
1346,-109,-20,390
1347,-108,-20,505
1348,-107,-20,348
1349,-106,-20,402
1350,-105,-20,415
1351,-104,-20,463
1352,-103,-20,274
1353,-99,-20,554
1354,-98,-20,824
1355,-97,-20,694
1356,-96,-20,1255
1357,-95,-20,1620
1358,-94,-20,1667
1359,-93,-20,579
1360,-92,-20,248
1361,-89,-20,354
1362,-88,-20,268
1363,-77,-20,482
1364,-76,-20,424
1365,-75,-20,340
1366,-74,-20,498
1367,-73,-20,522
1368,-72,-20,248
1369,-71,-20,270
1370,-70,-20,584
1371,-69,-20,412
1372,-68,-20,346
1373,-61,-20,254
1374,-60,-20,332
1375,-59,-20,376
1376,-58,-20,464
1377,-57,-20,219
1378,-56,-20,252
1379,-50,-20,383
1380,-47,-20,201
1381,-46,-20,293
1382,-45,-20,203
1383,-44,-20,206
1384,-40,-20,204
1385,-38,-20,266
1386,-37,-20,264
1387,-34,-20,307
1388,-33,-20,201
1389,-29,-20,341
1390,-28,-20,246
1391,-10,-20,228
1392,18,-20,265
1393,19,-20,295
1394,-121,-19,295
1395,-120,-19,313
1396,-119,-19,292
1397,-118,-19,335
1398,-117,-19,286
1399,-116,-19,368
1400,-115,-19,205
1401,-113,-19,350
1402,-112,-19,610
1403,-111,-19,442
1404,-110,-19,413
1405,-109,-19,485
1406,-108,-19,552
1407,-107,-19,450
1408,-106,-19,375
1409,-105,-19,370
1410,-104,-19,463
1411,-103,-19,366
1412,-99,-19,597
1413,-98,-19,620
1414,-97,-19,633
1415,-96,-19,1360
1416,-95,-19,1661
1417,-94,-19,1558
1418,-93,-19,1146
1419,-78,-19,437
1420,-77,-19,777
1421,-76,-19,589
1422,-75,-19,348
1423,-74,-19,377
1424,-73,-19,365
1425,-71,-19,243
1426,-70,-19,242
1427,-69,-19,261
1428,-68,-19,237
1429,-62,-19,245
1430,-61,-19,314
1431,-60,-19,203
1432,-59,-19,282
1433,-58,-19,263
1434,-57,-19,206
1435,-41,-19,235
1436,-28,-19,295
1437,-11,-19,299
1438,-10,-19,225
1439,-5,-19,231
1440,4,-19,256
1441,24,-19,266
1442,96,-19,300
1443,-122,-18,222
1444,-121,-18,326
1445,-120,-18,241
1446,-119,-18,426
1447,-118,-18,415
1448,-117,-18,334
1449,-116,-18,505
1450,-115,-18,343
1451,-114,-18,277
1452,-113,-18,460
1453,-112,-18,613
1454,-111,-18,721
1455,-110,-18,616
1456,-109,-18,492
1457,-108,-18,587
1458,-107,-18,472
1459,-106,-18,421
1460,-105,-18,359
1461,-104,-18,491
1462,-103,-18,413
1463,-99,-18,320
1464,-98,-18,444
1465,-97,-18,703
1466,-96,-18,1289
1467,-95,-18,1808
1468,-94,-18,1571
1469,-93,-18,710
1470,-92,-18,212
1471,-79,-18,207
1472,-78,-18,452
1473,-77,-18,764
1474,-76,-18,719
1475,-75,-18,374
1476,-74,-18,280
1477,-73,-18,202
1478,-70,-18,220
1479,-68,-18,227
1480,-62,-18,213
1481,-61,-18,250
1482,24,-18,208
1483,-122,-17,266
1484,-121,-17,317
1485,-120,-17,432
1486,-119,-17,384
1487,-118,-17,370
1488,-117,-17,502
1489,-116,-17,381
1490,-115,-17,439
1491,-114,-17,485
1492,-113,-17,704
1493,-112,-17,629
1494,-111,-17,661
1495,-110,-17,642
1496,-109,-17,602
1497,-108,-17,576
1498,-107,-17,523
1499,-106,-17,608
1500,-105,-17,482
1501,-104,-17,424
1502,-103,-17,676
1503,-102,-17,231
1504,-99,-17,208
1505,-97,-17,366
1506,-96,-17,732
1507,-95,-17,801
1508,-94,-17,878
1509,-93,-17,409
1510,-92,-17,266
1511,-91,-17,369
1512,-90,-17,385
1513,-79,-17,231
1514,-78,-17,526
1515,-77,-17,763
1516,-76,-17,559
1517,-75,-17,348
1518,-74,-17,441
1519,-73,-17,312
1520,-72,-17,215
1521,-71,-17,294
1522,-70,-17,233
1523,-62,-17,270
1524,-61,-17,253
1525,-5,-17,220
1526,35,-17,336
1527,36,-17,331
1528,64,-17,212
1529,-124,-16,265
1530,-122,-16,307
1531,-121,-16,405
1532,-120,-16,440
1533,-119,-16,483
1534,-118,-16,537
1535,-117,-16,438
1536,-116,-16,622
1537,-115,-16,536
1538,-114,-16,544
1539,-113,-16,737
1540,-112,-16,804
1541,-111,-16,734
1542,-110,-16,693
1543,-109,-16,626
1544,-108,-16,655
1545,-107,-16,506
1546,-106,-16,546
1547,-105,-16,521
1548,-104,-16,695
1549,-103,-16,794
1550,-102,-16,596
1551,-101,-16,209
1552,-94,-16,358
1553,-93,-16,459
1554,-92,-16,291
1555,-91,-16,437
1556,-84,-16,226
1557,-83,-16,409
1558,-79,-16,494
1559,-78,-16,571
1560,-77,-16,718
1561,-76,-16,375
1562,-75,-16,303
1563,-74,-16,257
1564,-73,-16,404
1565,-72,-16,314
1566,-71,-16,252
1567,64,-16,250
1568,-125,-15,285
1569,-123,-15,354
1570,-122,-15,337
1571,-121,-15,291
1572,-120,-15,462
1573,-119,-15,335
1574,-118,-15,564
1575,-117,-15,477
1576,-116,-15,597
1577,-115,-15,807
1578,-114,-15,732
1579,-113,-15,635
1580,-112,-15,849
1581,-111,-15,958
1582,-110,-15,560
1583,-109,-15,527
1584,-108,-15,723
1585,-107,-15,564
1586,-106,-15,818
1587,-105,-15,761
1588,-104,-15,846
1589,-103,-15,868
1590,-102,-15,971
1591,-101,-15,360
1592,-93,-15,287
1593,-92,-15,293
1594,-91,-15,250
1595,-84,-15,257
1596,-83,-15,472
1597,-82,-15,418
1598,-81,-15,308
1599,-80,-15,464
1600,-79,-15,449
1601,-78,-15,436
1602,-77,-15,489
1603,-76,-15,291
1604,-73,-15,279
1605,-125,-14,261
1606,-124,-14,266
1607,-123,-14,288
1608,-122,-14,472
1609,-121,-14,489
1610,-120,-14,323
1611,-119,-14,692
1612,-118,-14,498
1613,-117,-14,748
1614,-116,-14,686
1615,-115,-14,715
1616,-114,-14,1075
1617,-113,-14,673
1618,-112,-14,763
1619,-111,-14,914
1620,-110,-14,614
1621,-109,-14,574
1622,-108,-14,639
1623,-107,-14,682
1624,-106,-14,612
1625,-105,-14,695
1626,-104,-14,704
1627,-103,-14,983
1628,-102,-14,841
1629,-101,-14,338
1630,-84,-14,268
1631,-83,-14,666
1632,-82,-14,577
1633,-81,-14,555
1634,-80,-14,608
1635,-79,-14,596
1636,-78,-14,390
1637,-77,-14,396
1638,44,-14,345
1639,45,-14,300
1640,46,-14,344
1641,47,-14,302
1642,-126,-13,232
1643,-125,-13,268
1644,-124,-13,344
1645,-123,-13,461
1646,-122,-13,407
1647,-121,-13,433
1648,-120,-13,586
1649,-119,-13,626
1650,-118,-13,718
1651,-117,-13,865
1652,-116,-13,1107
1653,-115,-13,899
1654,-114,-13,914
1655,-113,-13,736
1656,-112,-13,986
1657,-111,-13,801
1658,-110,-13,624
1659,-109,-13,546
1660,-108,-13,703
1661,-107,-13,602
1662,-106,-13,629
1663,-105,-13,555
1664,-104,-13,954
1665,-103,-13,610
1666,-102,-13,462
1667,-95,-13,244
1668,-83,-13,456
1669,-82,-13,430
1670,-81,-13,455
1671,-80,-13,708
1672,-79,-13,352
1673,-78,-13,302
1674,-77,-13,259
1675,44,-13,319
1676,45,-13,461
1677,46,-13,417
1678,47,-13,344
1679,48,-13,335
1680,-127,-12,211
1681,-125,-12,337
1682,-124,-12,303
1683,-123,-12,331
1684,-122,-12,584
1685,-121,-12,510
1686,-120,-12,601
1687,-119,-12,603
1688,-118,-12,831
1689,-117,-12,769
1690,-116,-12,968
1691,-115,-12,908
1692,-114,-12,883
1693,-113,-12,761
1694,-112,-12,888
1695,-111,-12,1024
1696,-110,-12,520
1697,-109,-12,437
1698,-108,-12,665
1699,-107,-12,580
1700,-106,-12,319
1701,-105,-12,446
1702,-104,-12,631
1703,-103,-12,374
1704,-83,-12,208
1705,-82,-12,308
1706,-81,-12,296
1707,-80,-12,379
1708,-79,-12,256
1709,-78,-12,226
1710,45,-12,370
1711,46,-12,397
1712,47,-12,373
1713,48,-12,399
1714,-126,-11,446
1715,-124,-11,476
1716,-123,-11,481
1717,-122,-11,536
1718,-121,-11,704
1719,-120,-11,660
1720,-119,-11,1054
1721,-118,-11,757
1722,-117,-11,1089
1723,-116,-11,963
1724,-115,-11,947
1725,-114,-11,995
1726,-113,-11,1205
1727,-112,-11,864
1728,-111,-11,659
1729,-110,-11,595
1730,-109,-11,437
1731,-108,-11,460
1732,-107,-11,583
1733,-106,-11,259
1734,-105,-11,254
1735,-103,-11,209
1736,-83,-11,215
1737,-82,-11,378
1738,-81,-11,299
1739,-80,-11,329
1740,-79,-11,382
1741,46,-11,316
1742,47,-11,404
1743,48,-11,388
1744,49,-11,248
1745,55,-11,323
1746,56,-11,299
1747,90,-11,241
1748,91,-11,222
1749,95,-11,623
1750,-128,-10,313
1751,-127,-10,223
1752,-126,-10,240
1753,-125,-10,552
1754,-124,-10,387
1755,-123,-10,518
1756,-122,-10,708
1757,-121,-10,628
1758,-120,-10,874
1759,-119,-10,714
1760,-118,-10,1257
1761,-117,-10,944
1762,-116,-10,850
1763,-115,-10,1490
1764,-114,-10,844
1765,-113,-10,1011
1766,-112,-10,931
1767,-111,-10,572
1768,-110,-10,270
1769,-109,-10,316
1770,-108,-10,696
1771,-107,-10,652
1772,-106,-10,450
1773,-105,-10,312
1774,-104,-10,280
1775,-101,-10,296
1776,-96,-10,223
1777,-85,-10,241
1778,-83,-10,547
1779,-82,-10,449
1780,-81,-10,280
1781,-80,-10,291
1782,-79,-10,264
1783,43,-10,209
1784,47,-10,271
1785,48,-10,219
1786,49,-10,220
1787,55,-10,342
1788,56,-10,628
1789,90,-10,297
1790,91,-10,474
1791,94,-10,619
1792,95,-10,1376
1793,96,-10,298
1794,-127,-9,327
1795,-126,-9,481
1796,-125,-9,267
1797,-124,-9,677
1798,-123,-9,743
1799,-122,-9,508
1800,-121,-9,840
1801,-120,-9,803
1802,-119,-9,1387
1803,-118,-9,1282
1804,-117,-9,801
1805,-116,-9,1548
1806,-115,-9,969
1807,-114,-9,1022
1808,-113,-9,1338
1809,-112,-9,704
1810,-111,-9,496
1811,-110,-9,235
1812,-109,-9,338
1813,-108,-9,991
1814,-107,-9,762
1815,-106,-9,610
1816,-105,-9,547
1817,-104,-9,202
1818,-103,-9,241
1819,-102,-9,383
1820,-101,-9,263
1821,-83,-9,285
1822,-82,-9,310
1823,43,-9,294
1824,50,-9,222
1825,55,-9,217
1826,56,-9,373
1827,80,-9,251
1828,91,-9,375
1829,92,-9,294
1830,-129,-8,283
1831,-128,-8,236
1832,-127,-8,290
1833,-126,-8,402
1834,-125,-8,463
1835,-124,-8,491
1836,-123,-8,664
1837,-122,-8,798
1838,-121,-8,760
1839,-120,-8,939
1840,-119,-8,1309
1841,-118,-8,920
1842,-117,-8,1843
1843,-116,-8,1175
1844,-115,-8,894
1845,-114,-8,1272
1846,-113,-8,970
1847,-112,-8,694
1848,-111,-8,744
1849,-110,-8,481
1850,-109,-8,470
1851,-108,-8,1143
1852,-107,-8,748
1853,-106,-8,469
1854,-105,-8,595
1855,-104,-8,306
1856,-102,-8,330
1857,-86,-8,259
1858,-85,-8,274
1859,-83,-8,230
1860,-82,-8,237
1861,43,-8,466
1862,44,-8,228
1863,55,-8,520
1864,56,-8,324
1865,78,-8,245
1866,80,-8,408
1867,91,-8,332
1868,92,-8,443
1869,-128,-7,460
1870,-127,-7,313
1871,-126,-7,245
1872,-125,-7,502
1873,-124,-7,901
1874,-123,-7,690
1875,-122,-7,546
1876,-121,-7,1015
1877,-120,-7,1135
1878,-119,-7,876
1879,-118,-7,1698
1880,-117,-7,1402
1881,-116,-7,1118
1882,-115,-7,975
1883,-114,-7,652
1884,-113,-7,666
1885,-112,-7,892
1886,-111,-7,568
1887,-110,-7,493
1888,-109,-7,971
1889,-108,-7,959
1890,-107,-7,432
1891,-106,-7,753
1892,-105,-7,557
1893,-86,-7,337
1894,-85,-7,250
1895,-84,-7,214
1896,54,-7,365
1897,55,-7,382
1898,-131,-6,207
1899,-129,-6,239
1900,-128,-6,218
1901,-127,-6,409
1902,-126,-6,740
1903,-125,-6,579
1904,-124,-6,405
1905,-123,-6,562
1906,-122,-6,1133
1907,-121,-6,1051
1908,-120,-6,574
1909,-119,-6,1572
1910,-118,-6,1450
1911,-117,-6,1388
1912,-116,-6,1089
1913,-115,-6,587
1914,-114,-6,345
1915,-113,-6,512
1916,-112,-6,730
1917,-111,-6,503
1918,-110,-6,395
1919,-109,-6,939
1920,-108,-6,696
1921,-107,-6,353
1922,-106,-6,566
1923,-105,-6,568
1924,-95,-6,202
1925,-86,-6,312
1926,-85,-6,221
1927,-130,-5,261
1928,-129,-5,511
1929,-128,-5,240
1930,-127,-5,277
1931,-126,-5,469
1932,-125,-5,658
1933,-124,-5,849
1934,-123,-5,997
1935,-122,-5,460
1936,-121,-5,544
1937,-120,-5,1549
1938,-119,-5,1324
1939,-118,-5,1361
1940,-117,-5,1096
1941,-116,-5,1170
1942,-115,-5,690
1943,-114,-5,389
1944,-113,-5,355
1945,-112,-5,437
1946,-111,-5,426
1947,-110,-5,264
1948,-109,-5,584
1949,-108,-5,600
1950,-107,-5,232
1951,-106,-5,297
1952,-105,-5,471
1953,-87,-5,291
1954,-86,-5,355
1955,-85,-5,293
1956,56,-5,227
1957,-130,-4,223
1958,-129,-4,223
1959,-128,-4,543
1960,-127,-4,754
1961,-126,-4,611
1962,-125,-4,418
1963,-124,-4,572
1964,-123,-4,560
1965,-122,-4,909
1966,-121,-4,1220
1967,-120,-4,1372
1968,-119,-4,1127
1969,-118,-4,687
1970,-117,-4,1526
1971,-116,-4,1120
1972,-115,-4,848
1973,-114,-4,368
1974,-113,-4,332
1975,-112,-4,264
1976,-111,-4,365
1977,-109,-4,288
1978,-108,-4,231
1979,-107,-4,201
1980,-105,-4,307
1981,-88,-4,225
1982,-87,-4,268
1983,-86,-4,369
1984,-130,-3,233
1985,-129,-3,225
1986,-128,-3,298
1987,-127,-3,499
1988,-126,-3,698
1989,-125,-3,893
1990,-124,-3,1174
1991,-123,-3,845
1992,-122,-3,921
1993,-121,-3,655
1994,-120,-3,627
1995,-119,-3,922
1996,-118,-3,1894
1997,-117,-3,1431
1998,-116,-3,979
1999,-115,-3,698
2000,-114,-3,470
2001,-113,-3,419
2002,-112,-3,310
2003,-106,-3,256
2004,-86,-3,295
2005,58,-3,246
2006,-132,-2,220
2007,-131,-2,231
2008,-130,-2,542
2009,-129,-2,522
2010,-128,-2,300
2011,-127,-2,506
2012,-126,-2,425
2013,-125,-2,482
2014,-124,-2,602
2015,-123,-2,424
2016,-122,-2,455
2017,-121,-2,1218
2018,-120,-2,1287
2019,-119,-2,1450
2020,-118,-2,2000
2021,-117,-2,1338
2022,-116,-2,610
2023,-115,-2,491
2024,-114,-2,608
2025,-113,-2,439
2026,-112,-2,298
2027,-106,-2,315
2028,-88,-2,205
2029,-87,-2,204
2030,-86,-2,241
2031,58,-2,281
2032,59,-2,220
2033,83,-2,282
2034,-130,-1,286
2035,-129,-1,275
2036,-128,-1,656
2037,-127,-1,1021
2038,-126,-1,850
2039,-125,-1,938
2040,-124,-1,1208
2041,-123,-1,808
2042,-122,-1,890
2043,-121,-1,1207
2044,-120,-1,1307
2045,-119,-1,1442
2046,-118,-1,1945
2047,-117,-1,884
2048,-116,-1,325
2049,-115,-1,396
2050,-114,-1,435
2051,-113,-1,359
2052,-112,-1,344
2053,-107,-1,366
2054,-106,-1,424
2055,-105,-1,254
2056,-88,-1,202
2057,59,-1,251
2058,-130,0,290
2059,-129,0,285
2060,-128,0,466
2061,-127,0,405
2062,-126,0,427
2063,-125,0,467
2064,-124,0,640
2065,-123,0,374
2066,-122,0,550
2067,-121,0,446
2068,-120,0,654
2069,-119,0,704
2070,-118,0,928
2071,-117,0,391
2072,-112,0,327
2073,-111,0,239
2074,-110,0,337
2075,-109,0,248
2076,-108,0,540
2077,-107,0,658
2078,-106,0,901
2079,-105,0,559
2080,-104,0,284
2081,-87,0,201
2082,45,0,292
2083,-130,1,301
2084,-129,1,296
2085,-128,1,695
2086,-127,1,1046
2087,-126,1,838
2088,-125,1,979
2089,-124,1,1372
2090,-123,1,758
2091,-122,1,744
2092,-121,1,1167
2093,-120,1,1228
2094,-119,1,1409
2095,-118,1,1580
2096,-117,1,694
2097,-116,1,288
2098,-115,1,509
2099,-114,1,304
2100,-113,1,243
2101,-112,1,229
2102,-111,1,295
2103,-110,1,336
2104,-109,1,411
2105,-108,1,412
2106,-107,1,384
2107,-106,1,640
2108,-105,1,432
2109,64,1,225
2110,-132,2,271
2111,-131,2,349
2112,-130,2,653
2113,-129,2,615
2114,-128,2,349
2115,-127,2,505
2116,-126,2,400
2117,-125,2,547
2118,-124,2,747
2119,-123,2,403
2120,-122,2,381
2121,-121,2,1354
2122,-120,2,1173
2123,-119,2,1175
2124,-118,2,1130
2125,-117,2,283
2126,-116,2,246
2127,-115,2,431
2128,-112,2,344
2129,-111,2,381
2130,-110,2,381
2131,-109,2,526
2132,-108,2,420
2133,-107,2,390
2134,-106,2,642
2135,-105,2,553
2136,-104,2,351
2137,-103,2,345
2138,66,2,250
2139,-130,3,350
2140,-129,3,308
2141,-128,3,335
2142,-127,3,493
2143,-126,3,763
2144,-125,3,1168
2145,-124,3,1521
2146,-123,3,750
2147,-122,3,758
2148,-121,3,662
2149,-120,3,602
2150,-119,3,763
2151,-118,3,864
2152,-115,3,399
2153,-113,3,250
2154,-112,3,481
2155,-111,3,369
2156,-110,3,373
2157,-109,3,544
2158,-108,3,452
2159,-107,3,499
2160,-106,3,1045
2161,-105,3,492
2162,-104,3,311
2163,-103,3,239
2164,66,3,296
2165,67,3,204
2166,-130,4,354
2167,-129,4,301
2168,-128,4,600
2169,-127,4,810
2170,-126,4,782
2171,-125,4,633
2172,-124,4,695
2173,-123,4,452
2174,-122,4,579
2175,-121,4,814
2176,-120,4,1264
2177,-119,4,930
2178,-118,4,382
2179,-115,4,309
2180,-113,4,378
2181,-112,4,500
2182,-111,4,500
2183,-110,4,382
2184,-109,4,417
2185,-108,4,864
2186,-107,4,705
2187,-106,4,568
2188,-105,4,610
2189,-104,4,412
2190,-103,4,367
2191,76,4,231
2192,-130,5,417
2193,-129,5,739
2194,-128,5,290
2195,-127,5,328
2196,-126,5,638
2197,-125,5,1055
2198,-124,5,956
2199,-123,5,689
2200,-121,5,212
2201,-120,5,932
2202,-119,5,629
2203,-118,5,606
2204,-114,5,415
2205,-113,5,516
2206,-112,5,422
2207,-111,5,454
2208,-110,5,466
2209,-109,5,475
2210,-108,5,744
2211,-107,5,650
2212,-106,5,517
2213,-105,5,638
2214,-104,5,493
2215,-103,5,287
2216,-131,6,419
2217,-130,6,334
2218,-129,6,367
2219,-128,6,280
2220,-127,6,552
2221,-126,6,1042
2222,-125,6,908
2223,-124,6,422
2224,-123,6,332
2225,-119,6,438
2226,-114,6,367
2227,-113,6,878
2228,-112,6,725
2229,-111,6,538
2230,-110,6,572
2231,-109,6,548
2232,-108,6,496
2233,-107,6,726
2234,-106,6,609
2235,-105,6,526
2236,-104,6,429
2237,-103,6,581
2238,-131,7,324
2239,-130,7,274
2240,-129,7,274
2241,-128,7,618
2242,-127,7,401
2243,-126,7,364
2244,-125,7,866
2245,-124,7,952
2246,-123,7,415
2247,-115,7,239
2248,-114,7,418
2249,-113,7,770
2250,-112,7,862
2251,-111,7,474
2252,-110,7,434
2253,-109,7,711
2254,-108,7,616
2255,-107,7,690
2256,-106,7,709
2257,-105,7,569
2258,-104,7,697
2259,-103,7,574
2260,-130,8,360
2261,-129,8,470
2262,-128,8,290
2263,-127,8,350
2264,-126,8,465
2265,-125,8,671
2266,-124,8,489
2267,-123,8,212
2268,-116,8,211
2269,-114,8,592
2270,-113,8,709
2271,-112,8,610
2272,-111,8,806
2273,-110,8,606
2274,-109,8,517
2275,-108,8,638
2276,-107,8,880
2277,-106,8,612
2278,-105,8,847
2279,-104,8,656
2280,-103,8,592
2281,-102,8,232
2282,81,8,212
2283,-130,9,430
2284,-129,9,260
2285,-127,9,248
2286,-126,9,398
2287,-125,9,321
2288,-124,9,645
2289,-123,9,380
2290,-114,9,412
2291,-113,9,749
2292,-112,9,616
2293,-111,9,642
2294,-110,9,748
2295,-109,9,489
2296,-108,9,781
2297,-107,9,797
2298,-106,9,861
2299,-105,9,694
2300,-104,9,522
2301,-103,9,595
2302,-131,10,307
2303,-130,10,276
2304,-129,10,211
2305,-128,10,248
2306,-125,10,536
2307,-124,10,285
2308,-114,10,339
2309,-113,10,555
2310,-112,10,603
2311,-111,10,876
2312,-110,10,653
2313,-109,10,325
2314,-108,10,954
2315,-107,10,831
2316,-106,10,723
2317,-105,10,575
2318,-104,10,679
2319,-103,10,345
2320,-131,11,326
2321,-130,11,280
2322,-129,11,282
2323,-124,11,293
2324,-113,11,526
2325,-112,11,498
2326,-111,11,632
2327,-110,11,710
2328,-109,11,534
2329,-108,11,770
2330,-107,11,906
2331,-106,11,637
2332,-105,11,722
2333,-104,11,362
2334,-103,11,422
2335,120,11,208
2336,-132,12,230
2337,-129,12,390
2338,-125,12,269
2339,-113,12,262
2340,-112,12,400
2341,-111,12,738
2342,-110,12,524
2343,-109,12,457
2344,-108,12,820
2345,-107,12,703
2346,-106,12,565
2347,-105,12,544
2348,-104,12,468
2349,-103,12,241
2350,84,12,405
2351,-132,13,317
2352,-130,13,312
2353,-122,13,217
2354,-119,13,207
2355,-113,13,239
2356,-112,13,443
2357,-111,13,484
2358,-110,13,384
2359,-109,13,407
2360,-108,13,529
2361,-107,13,628
2362,-106,13,642
2363,-105,13,468
2364,-104,13,391
2365,-134,14,201
2366,-132,14,241
2367,-130,14,233
2368,-122,14,203
2369,-119,14,462
2370,-118,14,214
2371,-111,14,215
2372,-108,14,302
2373,-107,14,706
2374,-106,14,550
2375,-105,14,474
2376,-104,14,244
2377,-135,15,229
2378,-134,15,240
2379,-133,15,211
2380,-132,15,221
2381,-127,15,205
2382,-120,15,239
2383,-119,15,326
2384,-118,15,358
2385,-117,15,249
2386,-109,15,232
2387,-108,15,256
2388,-107,15,533
2389,-106,15,594
2390,-105,15,414
2391,-104,15,274
2392,142,15,273
2393,-135,16,268
2394,-133,16,232
2395,-132,16,208
2396,-131,16,203
2397,-120,16,225
2398,-119,16,488
2399,-118,16,488
2400,-117,16,293
2401,-110,16,201
2402,-109,16,349
2403,-108,16,258
2404,-107,16,429
2405,-106,16,508
2406,-105,16,394
2407,-104,16,342
2408,142,16,268
2409,-135,17,202
2410,-134,17,267
2411,-133,17,255
2412,-129,17,276
2413,-128,17,233
2414,-119,17,369
2415,-118,17,496
2416,-117,17,492
2417,-114,17,420
2418,-113,17,417
2419,-109,17,414
2420,-108,17,260
2421,-107,17,423
2422,-106,17,539
2423,-105,17,434
2424,-135,18,251
2425,-134,18,204
2426,-133,18,201
2427,-132,18,242
2428,-128,18,305
2429,-119,18,268
2430,-118,18,597
2431,-117,18,359
2432,-116,18,325
2433,-115,18,216
2434,-114,18,549
2435,-113,18,366
2436,-112,18,316
2437,-111,18,252
2438,-109,18,345
2439,-108,18,394
2440,-107,18,378
2441,-106,18,475
2442,-105,18,344
2443,-104,18,204
2444,-135,19,234
2445,-134,19,269
2446,-133,19,280
2447,-129,19,214
2448,-128,19,278
2449,-119,19,232
2450,-118,19,470
2451,-117,19,348
2452,-116,19,374
2453,-115,19,254
2454,-114,19,485
2455,-113,19,298
2456,-112,19,368
2457,-111,19,258
2458,-109,19,496
2459,-108,19,473
2460,-107,19,473
2461,-106,19,436
2462,-105,19,255
2463,-134,20,255
2464,-133,20,294
2465,-132,20,252
2466,-118,20,419
2467,-117,20,315
2468,-116,20,240
2469,-115,20,231
2470,-114,20,288
2471,-113,20,216
2472,-112,20,202
2473,-109,20,319
2474,-108,20,477
2475,-107,20,299
2476,-106,20,394
2477,-105,20,245
2478,104,20,270
2479,105,20,370
2480,106,20,207
2481,-133,21,272
2482,-132,21,242
2483,-120,21,230
2484,-119,21,314
2485,-118,21,450
2486,-117,21,649
2487,-116,21,365
2488,-115,21,203
2489,-114,21,271
2490,-108,21,247
2491,-107,21,412
2492,-106,21,339
2493,-105,21,256
2494,89,21,204
2495,104,21,316
2496,105,21,1046
2497,-138,22,213
2498,-134,22,213
2499,-120,22,274
2500,-119,22,376
2501,-118,22,583
2502,-117,22,581
2503,-116,22,534
2504,-114,22,297
2505,-108,22,316
2506,-107,22,315
2507,-106,22,325
2508,89,22,274
2509,104,22,325
2510,105,22,458
2511,-121,23,287
2512,-120,23,543
2513,-119,23,389
2514,-118,23,492
2515,-117,23,849
2516,-116,23,547
2517,-114,23,249
2518,-113,23,213
2519,-112,23,207
2520,-111,23,320
2521,-108,23,292
2522,-107,23,252
2523,-106,23,220
2524,-121,24,350
2525,-120,24,557
2526,-119,24,598
2527,-118,24,429
2528,-117,24,630
2529,-116,24,667
2530,-115,24,355
2531,-114,24,326
2532,-113,24,318
2533,-112,24,267
2534,-111,24,355
2535,-108,24,262
2536,-107,24,243
2537,-106,24,213
2538,89,24,231
2539,90,24,207
2540,-121,25,462
2541,-120,25,556
2542,-119,25,571
2543,-118,25,542
2544,-117,25,600
2545,-116,25,737
2546,-115,25,384
2547,-114,25,458
2548,-113,25,362
2549,-112,25,219
2550,-111,25,313
2551,-107,25,219
2552,-106,25,227
2553,89,25,213
2554,90,25,279
2555,91,25,208
2556,-121,26,457
2557,-120,26,633
2558,-119,26,600
2559,-118,26,582
2560,-117,26,456
2561,-116,26,571
2562,-115,26,487
2563,-114,26,528
2564,-113,26,389
2565,-112,26,367
2566,-111,26,334
2567,-108,26,233
2568,-107,26,234
2569,90,26,261
2570,91,26,267
2571,107,26,238
2572,-121,27,398
2573,-120,27,752
2574,-119,27,641
2575,-118,27,549
2576,-117,27,446
2577,-116,27,755
2578,-115,27,848
2579,-114,27,398
2580,-113,27,429
2581,-112,27,323
2582,-111,27,375
2583,-110,27,288
2584,-107,27,202
2585,89,27,245
2586,90,27,230
2587,110,27,240
2588,111,27,299
2589,-121,28,476
2590,-120,28,567
2591,-119,28,659
2592,-118,28,507
2593,-117,28,518
2594,-116,28,773
2595,-115,28,582
2596,-114,28,478
2597,-113,28,461
2598,-112,28,387
2599,-111,28,315
2600,-110,28,243
2601,91,28,219
2602,109,28,214
2603,110,28,201
2604,-122,29,226
2605,-121,29,368
2606,-120,29,459
2607,-119,29,664
2608,-118,29,532
2609,-117,29,562
2610,-116,29,693
2611,-115,29,669
2612,-114,29,519
2613,-113,29,474
2614,-112,29,325
2615,-111,29,268
2616,88,29,209
2617,91,29,238
2618,97,29,212
2619,98,29,221
2620,109,29,247
2621,110,29,211
2622,111,29,201
2623,-121,30,418
2624,-120,30,381
2625,-119,30,587
2626,-118,30,779
2627,-117,30,488
2628,-116,30,527
2629,-115,30,534
2630,-114,30,564
2631,-113,30,495
2632,-112,30,332
2633,-111,30,240
2634,98,30,201
2635,109,30,246
2636,110,30,267
2637,111,30,210
2638,112,30,208
2639,113,30,206
2640,114,30,207
2641,115,30,323
2642,-124,31,268
2643,-121,31,291
2644,-120,31,416
2645,-119,31,422
2646,-118,31,728
2647,-117,31,514
2648,-116,31,458
2649,-115,31,508
2650,-114,31,724
2651,-113,31,336
2652,-112,31,283
2653,-111,31,238
2654,109,31,329
2655,110,31,303
2656,111,31,303
2657,114,31,396
2658,115,31,365
2659,-120,32,293
2660,-119,32,664
2661,-118,32,397
2662,-117,32,504
2663,-116,32,432
2664,-115,32,642
2665,-114,32,390
2666,-113,32,368
2667,-112,32,323
2668,110,32,265
2669,111,32,231
2670,112,32,229
2671,-119,33,320
2672,-118,33,582
2673,-117,33,591
2674,-116,33,404
2675,-115,33,498
2676,-114,33,488
2677,-113,33,327
2678,-112,33,259
2679,-111,33,258
2680,111,33,295
2681,112,33,258
2682,-119,34,288
2683,-118,34,592
2684,-117,34,331
2685,-116,34,388
2686,-115,34,370
2687,-114,34,515
2688,-113,34,285
2689,-112,34,236
2690,-111,34,231
2691,99,34,241
2692,109,34,207
2693,110,34,289
2694,111,34,535
2695,112,34,241
2696,-118,35,250
2697,-117,35,245
2698,-116,35,227
2699,-115,35,332
2700,-114,35,320
2701,-113,35,276
2702,77,35,279
2703,93,35,225
2704,99,35,229
2705,108,35,255
2706,111,35,466
2707,112,35,228
2708,113,35,207
2709,-126,36,257
2710,-125,36,330
2711,-118,36,240
2712,-114,36,239
2713,-113,36,232
2714,77,36,522
2715,108,36,272
2716,109,36,209
2717,110,36,208
2718,111,36,306
2719,112,36,242
2720,113,36,210
2721,-127,37,207
2722,-126,37,373
2723,-125,37,377
2724,-123,37,228
2725,-113,37,240
2726,93,37,234
2727,96,37,225
2728,105,37,208
2729,107,37,285
2730,108,37,222
2731,110,37,322
2732,111,37,227
2733,112,37,269
2734,113,37,216
2735,-126,38,477
2736,-125,38,334
2737,-122,38,236
2738,-112,38,237
2739,96,38,222
2740,103,38,201
2741,104,38,213
2742,107,38,239
2743,108,38,265
2744,109,38,232
2745,110,38,278
2746,111,38,258
2747,112,38,284
2748,-126,39,201
2749,-125,39,367
2750,97,39,234
2751,101,39,223
2752,103,39,234
2753,104,39,268
2754,105,39,204
2755,108,39,403
2756,111,39,351
2757,114,39,279
2758,-125,40,277
2759,-124,40,235
2760,96,40,263
2761,103,40,294
2762,104,40,266
2763,107,40,209
2764,108,40,221
2765,109,40,228
2766,110,40,250
2767,111,40,215
2768,112,40,241
2769,114,40,209
2770,-135,41,202
2771,-124,41,296
2772,96,41,231
2773,97,41,225
2774,102,41,206
2775,103,41,266
2776,104,41,222
2777,108,41,203
2778,109,41,270
2779,110,41,204
2780,111,41,207
2781,112,41,207
2782,113,41,236
2783,114,41,211
2784,120,41,217
2785,-124,42,214
2786,-84,42,206
2787,95,42,303
2788,96,42,308
2789,105,42,224
2790,109,42,271
2791,110,42,208
2792,111,42,244
2793,112,42,343
2794,113,42,225
2795,120,42,243
2796,-130,43,348
2797,-123,43,225
2798,-108,43,217
2799,95,43,305
2800,96,43,220
2801,103,43,277
2802,105,43,204
2803,109,43,226
2804,110,43,235
2805,111,43,397
2806,112,43,247
2807,114,43,237
2808,119,43,233
2809,-130,44,295
2810,-129,44,260
2811,-108,44,359
2812,-107,44,413
2813,102,44,219
2814,103,44,268
2815,109,44,257
2816,110,44,234
2817,111,44,288
2818,112,44,264
2819,113,44,217
2820,114,44,201
2821,-136,45,215
2822,-130,45,348
2823,-129,45,409
2824,-108,45,326
2825,-107,45,597
2826,-106,45,206
2827,54,45,595
2828,95,45,229
2829,96,45,201
2830,97,45,224
2831,102,45,272
2832,103,45,309
2833,104,45,235
2834,105,45,220
2835,107,45,220
2836,110,45,387
2837,111,45,280
2838,-129,46,422
2839,-128,46,248
2840,-107,46,397
2841,54,46,488
2842,102,46,281
2843,103,46,319
2844,104,46,252
2845,105,46,208
2846,106,46,212
2847,107,46,288
2848,109,46,260
2849,110,46,238
2850,111,46,261
2851,112,46,240
2852,-136,47,259
2853,-129,47,217
2854,-128,47,205
2855,-127,47,303
2856,-107,47,260
2857,101,47,226
2858,102,47,333
2859,103,47,283
2860,104,47,286
2861,105,47,248
2862,106,47,272
2863,107,47,318
2864,108,47,212
2865,109,47,235
2866,110,47,255
2867,111,47,277
2868,-134,48,240
2869,-130,48,202
2870,-128,48,220
2871,101,48,266
2872,102,48,342
2873,103,48,302
2874,104,48,318
2875,105,48,329
2876,106,48,321
2877,107,48,270
2878,108,48,205
2879,109,48,256
2880,110,48,201
2881,111,48,227
2882,-135,49,216
2883,-134,49,251
2884,-127,49,374
2885,-126,49,204
2886,101,49,321
2887,102,49,334
2888,103,49,345
2889,104,49,319
2890,105,49,324
2891,106,49,359
2892,108,49,201
2893,110,49,215
2894,111,49,204
2895,-135,50,227
2896,-133,50,359
2897,-126,50,203
2898,101,50,330
2899,102,50,326
2900,103,50,369
2901,104,50,396
2902,105,50,293
2903,106,50,354
2904,108,50,212
2905,109,50,204
2906,110,50,225
2907,-134,51,300
2908,-133,51,283
2909,101,51,231
2910,102,51,375
2911,103,51,447
2912,104,51,394
2913,105,51,377
2914,106,51,281
2915,108,51,328
2916,109,51,228
2917,110,51,240
2918,111,51,214
2919,-134,52,282
2920,-133,52,223
2921,-132,52,358
2922,101,52,224
2923,102,52,432
2924,103,52,415
2925,104,52,468
2926,105,52,361
2927,106,52,274
2928,107,52,350
2929,108,52,276
2930,110,52,275
2931,-133,53,458
2932,-132,53,336
2933,-131,53,326
2934,101,53,293
2935,102,53,404
2936,103,53,551
2937,104,53,430
2938,105,53,253
2939,107,53,231
2940,108,53,238
2941,-133,54,331
2942,-132,54,251
2943,-131,54,343
2944,99,54,252
2945,100,54,220
2946,101,54,319
2947,102,54,353
2948,103,54,319
2949,104,54,297
2950,105,54,232
2951,-133,55,209
2952,-132,55,493
2953,-131,55,255
2954,-130,55,269
2955,99,55,315
2956,100,55,372
2957,101,55,339
2958,102,55,396
2959,103,55,361
2960,105,55,203
2961,116,55,247
2962,-133,56,210
2963,-132,56,371
2964,-131,56,285
2965,-130,56,453
2966,98,56,311
2967,99,56,281
2968,100,56,326
2969,101,56,431
2970,102,56,433
2971,103,56,288
2972,104,56,319
2973,105,56,249
2974,-133,57,402
2975,-132,57,263
2976,-131,57,604
2977,-130,57,305
2978,-129,57,270
2979,99,57,246
2980,100,57,310
2981,101,57,320
2982,102,57,336
2983,103,57,365
2984,104,57,372
2985,105,57,299
2986,115,57,252
2987,-135,58,216
2988,-133,58,292
2989,-132,58,253
2990,-131,58,449
2991,-130,58,326
2992,-129,58,371
2993,99,58,334
2994,100,58,255
2995,101,58,252
2996,102,58,292
2997,103,58,345
2998,104,58,285
2999,114,58,291
3000,-133,59,202
3001,-132,59,228
3002,-131,59,519
3003,-130,59,659
3004,-129,59,280
3005,-128,59,259
3006,-40,59,348
3007,-39,59,347
3008,95,59,204
3009,98,59,271
3010,99,59,263
3011,100,59,278
3012,101,59,300
3013,102,59,212
3014,103,59,366
3015,104,59,328
3016,105,59,328
3017,106,59,227
3018,-132,60,415
3019,-130,60,649
3020,-128,60,408
3021,-127,60,216
3022,98,60,217
3023,99,60,274
3024,100,60,212
3025,101,60,325
3026,102,60,346
3027,103,60,386
3028,104,60,338
3029,105,60,261
3030,-132,61,280
3031,-131,61,269
3032,-130,61,485
3033,-129,61,468
3034,-128,61,355
3035,-127,61,262
3036,97,61,384
3037,98,61,223
3038,100,61,359
3039,101,61,420
3040,103,61,221
3041,104,61,210
3042,105,61,287
3043,106,61,271
3044,-132,62,213
3045,-131,62,239
3046,-130,62,619
3047,-129,62,485
3048,-128,62,228
3049,-127,62,241
3050,98,62,240
3051,99,62,221
3052,100,62,287
3053,101,62,239
3054,102,62,441
3055,103,62,302
3056,104,62,374
3057,105,62,279
3058,-132,63,287
3059,-130,63,402
3060,-129,63,630
3061,-128,63,256
3062,-127,63,348
3063,-126,63,204
3064,99,63,249
3065,101,63,279
3066,102,63,275
3067,103,63,266
3068,104,63,294
3069,105,63,243
3070,106,63,265
3071,107,63,240
3072,122,63,238
3073,-132,64,210
3074,-130,64,345
3075,-129,64,458
3076,-127,64,235
3077,-126,64,239
3078,98,64,211
3079,100,64,338
3080,101,64,260
3081,102,64,261
3082,103,64,309
3083,104,64,253
3084,105,64,245
3085,-130,65,275
3086,-129,65,404
3087,-128,65,284
3088,-127,65,300
3089,98,65,262
3090,99,65,228
3091,101,65,419
3092,102,65,257
3093,105,65,313
3094,117,65,229
3095,-130,66,368
3096,-129,66,455
3097,-128,66,281
3098,-127,66,225
3099,96,66,237
3100,98,66,211
3101,99,66,225
3102,100,66,306
3103,102,66,344
3104,112,66,202
3105,116,66,219
3106,-130,67,256
3107,-129,67,302
3108,-127,67,292
3109,96,67,236
3110,99,67,404
3111,101,67,326
3112,102,67,357
3113,103,67,230
3114,108,67,205
3115,111,67,209
3116,116,67,211
3117,-128,68,288
3118,-127,68,289
3119,94,68,201
3120,96,68,224
3121,98,68,204
3122,99,68,326
3123,100,68,286
3124,101,68,243
3125,102,68,389
3126,103,68,336
3127,104,68,279
3128,105,68,253
3129,107,68,204
3130,108,68,204
3131,-128,69,297
3132,-127,69,222
3133,94,69,202
3134,98,69,202
3135,99,69,364
3136,100,69,214
3137,101,69,218
3138,102,69,251
3139,103,69,433
3140,104,69,206
3141,105,69,282
3142,106,69,247
3143,107,69,251
3144,-128,70,279
3145,98,70,207
3146,99,70,348
3147,100,70,203
3148,101,70,309
3149,102,70,253
3150,103,70,387
3151,104,70,221
3152,105,70,273
3153,106,70,340
3154,107,70,247
3155,119,70,216
3156,-128,71,204
3157,92,71,212
3158,96,71,234
3159,97,71,212
3160,99,71,286
3161,100,71,224
3162,101,71,342
3163,102,71,309
3164,103,71,254
3165,104,71,241
3166,105,71,237
3167,106,71,275
3168,-130,72,201
3169,96,72,276
3170,99,72,354
3171,100,72,330
3172,101,72,247
3173,102,72,348
3174,104,72,285
3175,117,72,235
3176,118,72,239
3177,-128,73,208
3178,-127,73,214
3179,96,73,242
3180,98,73,245
3181,99,73,256
3182,100,73,289
3183,101,73,248
3184,102,73,227
3185,104,73,216
3186,116,73,202
3187,117,73,273
3188,118,73,246
3189,-129,74,204
3190,-127,74,223
3191,95,74,206
3192,98,74,244
3193,100,74,209
3194,101,74,261
3195,115,74,265
3196,-128,75,217
3197,97,75,224
3198,99,75,201
3199,100,75,303
3200,114,75,286
3201,115,75,380
3202,116,75,274
3203,117,75,256
3204,-127,76,219
3205,-126,76,222
3206,-125,76,204
3207,96,76,228
3208,99,76,267
3209,113,76,236
3210,114,76,262
3211,115,76,201
3212,-127,77,216
3213,-126,78,202
3214,97,78,204
3215,113,78,214
3216,-124,79,273
3217,-115,81,205
3218,-124,82,291
3219,111,82,203
3220,-123,83,291
3221,-114,83,251
3222,-113,83,204
3223,109,84,224
3224,-113,85,227
3225,108,85,233
3226,-111,86,287
3227,108,86,216
3228,-112,87,207
3229,104,87,215
3230,107,87,237
3231,-113,88,203
3232,103,88,225
3233,104,88,309
3234,105,88,225
3235,102,89,245
3236,103,89,219
3237,104,89,259
3238,105,89,312
3239,102,90,236
3240,103,90,338
3241,104,90,337
3242,102,91,331
3243,103,91,310
3244,101,92,270
3245,102,92,260
3246,-118,93,222
3247,100,93,222
3248,109,93,232
3249,88,113,205
3250,91,113,217
3251,-98,114,255
3252,-98,115,212
3253,-97,115,228
3254,-97,116,221
3255,-96,116,266
3256,-96,117,209
3257,-95,117,257
3258,-94,118,305
3259,-93,118,281
3260,73,131,353
3261,74,131,295
3262,71,132,256
3263,72,132,217
3264,72,133,257
3265,73,133,234
3266,70,134,296
3267,59,135,281
3268,61,135,308
3269,62,135,230
3270,63,135,233
3271,65,135,212
3272,67,135,246
3273,68,135,296
3274,57,137,396
3275,58,137,413
3276,59,137,201
3277,60,137,428
3278,61,137,216
3279,62,137,420
3280,64,137,291
3281,65,137,269
3282,49,138,274
3283,53,138,390
3284,54,138,322
3285,57,138,202
3286,59,138,260
3287,61,138,227
3288,50,139,349
3289,51,139,310
3290,52,139,235
3291,54,139,340
3292,55,139,476
3293,56,139,252
3294,57,139,525
3295,59,139,245
3296,-62,140,224
3297,-59,140,222
3298,45,140,266
3299,47,140,263
3300,48,140,254
3301,49,140,213
3302,51,140,470
3303,52,140,649
3304,54,140,322
3305,55,140,307
3306,57,140,226
3307,59,140,338
3308,-62,141,247
3309,42,141,221
3310,43,141,240
3311,45,141,240
3312,48,141,478
3313,49,141,564
3314,50,141,374
3315,52,141,382
3316,53,141,527
3317,54,141,494
3318,55,141,294
3319,-62,142,247
3320,-61,142,219
3321,-60,142,241
3322,-59,142,552
3323,-58,142,290
3324,-57,142,402
3325,44,142,280
3326,46,142,618
3327,47,142,479
3328,48,142,458
3329,49,142,434
3330,50,142,606
3331,51,142,376
3332,53,142,255
3333,55,142,328
3334,57,142,216
3335,-59,143,219
3336,-57,143,266
3337,38,143,217
3338,41,143,263
3339,42,143,231
3340,43,143,236
3341,44,143,265
3342,45,143,357
3343,46,143,311
3344,47,143,424
3345,48,143,319
3346,49,143,311
3347,50,143,315
3348,51,143,499
3349,-56,144,262
3350,-54,144,246
3351,-52,144,243
3352,33,144,241
3353,34,144,217
3354,35,144,368
3355,36,144,240
3356,37,144,208
3357,38,144,355
3358,39,144,223
3359,40,144,246
3360,41,144,356
3361,42,144,381
3362,43,144,432
3363,44,144,300
3364,45,144,291
3365,47,144,569
3366,49,144,250
3367,52,144,227
3368,-56,145,283
3369,-55,145,308
3370,-54,145,213
3371,-53,145,210
3372,29,145,246
3373,31,145,404
3374,32,145,244
3375,33,145,500
3376,34,145,352
3377,35,145,306
3378,36,145,291
3379,37,145,424
3380,38,145,280
3381,39,145,274
3382,40,145,304
3383,41,145,304
3384,42,145,307
3385,43,145,306
3386,44,145,294
3387,45,145,290
3388,46,145,238
3389,48,145,227
3390,-52,146,209
3391,-49,146,215
3392,-35,146,215
3393,-32,146,229
3394,22,146,230
3395,24,146,203
3396,25,146,250
3397,27,146,309
3398,29,146,226
3399,30,146,253
3400,31,146,216
3401,32,146,401
3402,33,146,243
3403,34,146,291
3404,35,146,424
3405,36,146,282
3406,37,146,295
3407,38,146,296
3408,39,146,301
3409,40,146,306
3410,41,146,286
3411,42,146,297
3412,49,146,209
3413,-49,147,210
3414,-48,147,207
3415,21,147,215
3416,23,147,405
3417,24,147,205
3418,26,147,314
3419,28,147,321
3420,29,147,213
3421,30,147,345
3422,31,147,254
3423,32,147,267
3424,33,147,301
3425,34,147,447
3426,35,147,310
3427,36,147,314
3428,37,147,307
3429,38,147,257
3430,39,147,262
3431,19,148,305
3432,22,148,301
3433,24,148,293
3434,26,148,308
3435,27,148,205
3436,29,148,206
3437,30,148,292
3438,31,148,284
3439,32,148,224
3440,-45,149,228
3441,12,149,279
3442,13,149,243
3443,15,149,338
3444,17,149,220
3445,18,149,333
3446,20,149,363
3447,21,149,209
3448,22,149,258
3449,23,149,328
3450,24,149,219
3451,25,149,260
3452,27,149,220
