1,45,-140,209
2,47,-140,206
3,50,-139,225
4,49,-138,237
5,53,-138,238
6,43,-137,205
7,46,-137,213
8,51,-137,204
9,52,-137,203
10,57,-137,204
11,45,-136,219
12,47,-136,218
13,54,-136,270
14,55,-136,279
15,53,-135,252
16,58,-135,257
17,59,-135,215
18,54,-134,205
19,55,-134,276
20,56,-134,215
21,50,-133,220
22,53,-133,241
23,57,-133,309
24,58,-133,313
25,59,-133,243
26,60,-133,258
27,52,-132,213
28,55,-132,283
29,56,-132,211
30,60,-132,339
31,61,-132,266
32,62,-132,265
33,63,-132,308
34,53,-131,224
35,54,-131,203
36,57,-131,325
37,58,-131,239
38,59,-131,319
39,55,-130,281
40,56,-130,310
41,59,-130,348
42,60,-130,333
43,61,-130,258
44,62,-130,351
45,63,-130,296
46,64,-130,297
47,65,-130,260
48,66,-130,290
49,-26,-129,280
50,-25,-129,388
51,-24,-129,366
52,-23,-129,236
53,54,-129,260
54,57,-129,299
55,58,-129,255
56,61,-129,267
57,62,-129,277
58,63,-129,373
59,64,-129,286
60,65,-129,316
61,66,-129,388
62,67,-129,250
63,59,-128,309
64,60,-128,347
65,61,-128,274
66,63,-128,202
67,68,-128,251
68,69,-128,217
69,57,-127,206
70,60,-127,289
71,61,-127,322
72,62,-127,253
73,63,-127,366
74,64,-127,294
75,65,-127,389
76,66,-127,283
77,67,-127,280
78,68,-127,275
79,69,-127,290
80,70,-127,213
81,62,-126,230
82,63,-126,301
83,64,-126,355
84,65,-126,271
85,66,-126,271
86,67,-126,345
87,68,-126,261
88,69,-126,245
89,61,-125,235
90,64,-125,209
91,65,-125,297
92,66,-125,247
93,70,-125,216
94,62,-124,201
95,63,-124,267
96,67,-124,222
97,68,-124,232
98,69,-124,230
99,70,-124,310
100,71,-124,222
101,72,-124,227
102,73,-124,204
103,64,-123,221
104,65,-123,214
105,68,-123,280
106,69,-123,293
107,71,-123,317
108,72,-123,246
109,74,-123,319
110,83,-123,209
111,65,-122,210
112,66,-122,207
113,67,-122,246
114,68,-122,206
115,69,-122,204
116,70,-122,283
117,71,-122,240
118,73,-122,332
119,74,-122,253
120,75,-122,234
121,-84,-121,212
122,65,-121,204
123,67,-121,225
124,68,-121,278
125,69,-121,289
126,72,-121,335
127,73,-121,232
128,74,-121,220
129,75,-121,213
130,-84,-120,229
131,66,-120,206
132,67,-120,223
133,69,-120,205
134,71,-120,313
135,72,-120,251
136,73,-120,255
137,74,-120,290
138,77,-120,212
139,79,-120,202
140,70,-119,280
141,71,-119,220
142,72,-119,231
143,73,-119,325
144,74,-119,320
145,76,-119,231
146,79,-119,285
147,69,-118,211
148,72,-118,249
149,73,-118,276
150,75,-118,238
151,76,-118,245
152,80,-118,302
153,82,-118,275
154,71,-117,204
155,72,-117,208
156,75,-117,271
157,76,-117,277
158,78,-117,305
159,80,-117,353
160,82,-117,341
161,84,-117,267
162,76,-116,226
163,78,-116,314
164,80,-116,351
165,81,-116,269
166,82,-116,278
167,84,-116,312
168,80,-115,371
169,81,-115,393
170,83,-115,318
171,74,-114,210
172,79,-114,256
173,80,-114,201
174,81,-114,411
175,82,-114,303
176,83,-114,373
177,75,-113,208
178,76,-113,217
179,80,-113,244
180,81,-113,389
181,82,-113,209
182,83,-113,400
183,84,-113,244
184,85,-113,234
185,76,-112,231
186,77,-112,243
187,79,-112,203
188,81,-112,332
189,82,-112,388
190,83,-112,205
191,84,-112,275
192,76,-111,206
193,77,-111,232
194,79,-111,244
195,80,-111,355
196,82,-111,425
197,83,-111,201
198,84,-111,472
199,86,-111,213
200,78,-110,201
201,80,-110,276
202,81,-110,323
203,83,-110,362
204,85,-110,334
205,81,-109,368
206,82,-109,258
207,83,-109,361
208,84,-109,380
209,85,-109,283
210,86,-109,307
211,87,-109,201
212,82,-108,307
213,83,-108,372
214,84,-108,300
215,85,-108,371
216,86,-108,263
217,88,-108,202
218,81,-107,267
219,83,-107,279
220,85,-107,259
221,82,-106,276
222,83,-105,212
223,90,-104,236
224,86,-103,266
225,88,-103,212
226,90,-103,359
227,91,-103,342
228,87,-102,252
229,88,-102,288
230,89,-102,292
231,90,-102,289
232,91,-102,399
233,92,-102,358
234,93,-102,224
235,87,-101,209
236,88,-101,286
237,89,-101,304
238,90,-101,387
239,91,-101,340
240,92,-101,427
241,93,-101,324
242,94,-101,329
243,95,-101,239
244,89,-100,282
245,90,-100,331
246,91,-100,257
247,92,-100,339
248,93,-100,478
249,94,-100,360
250,95,-100,425
251,96,-100,244
252,90,-99,266
253,91,-99,262
254,92,-99,262
255,93,-99,322
256,94,-99,619
257,95,-99,368
258,96,-99,202
259,90,-98,218
260,93,-98,265
261,94,-98,434
262,95,-98,352
263,96,-98,258
264,93,-97,247
265,94,-97,304
266,95,-97,418
267,96,-97,299
268,84,-96,202
269,94,-96,250
270,95,-96,413
271,96,-96,300
272,97,-96,262
273,98,-96,239
274,99,-96,241
275,85,-95,202
276,95,-95,549
277,96,-95,463
278,97,-95,408
279,98,-95,276
280,99,-95,283
281,100,-95,321
282,96,-94,220
283,97,-94,349
284,98,-94,397
285,99,-94,461
286,100,-94,277
287,101,-94,264
288,98,-93,359
289,99,-93,243
290,100,-93,387
291,101,-93,279
292,100,-92,220
293,101,-92,407
294,102,-92,330
295,101,-91,258
296,102,-91,407
297,103,-91,240
298,101,-90,205
299,102,-90,237
300,103,-90,264
301,104,-90,212
302,102,-89,231
303,103,-89,226
304,105,-89,212
305,103,-88,258
306,104,-88,259
307,-109,-87,249
308,92,-87,219
309,104,-87,232
310,107,-87,214
311,92,-86,213
312,93,-86,222
313,108,-86,224
314,109,-86,204
315,92,-85,224
316,94,-85,253
317,108,-85,229
318,110,-85,221
319,-111,-84,203
320,93,-84,235
321,94,-84,256
322,109,-84,205
323,111,-84,255
324,93,-83,252
325,95,-83,251
326,110,-83,223
327,93,-82,236
328,94,-82,211
329,111,-82,203
330,104,-78,255
331,105,-77,255
332,106,-77,231
333,105,-76,217
334,106,-76,212
335,105,-75,324
336,106,-75,256
337,107,-75,201
338,113,-75,217
339,105,-74,363
340,106,-74,258
341,107,-74,242
342,108,-74,251
343,114,-74,222
344,105,-73,233
345,106,-73,508
346,107,-73,300
347,108,-73,252
348,109,-73,208
349,105,-72,239
350,106,-72,419
351,107,-72,403
352,108,-72,236
353,109,-72,237
354,110,-72,207
355,105,-71,220
356,106,-71,416
357,107,-71,358
358,108,-71,325
359,109,-71,255
360,110,-71,286
361,111,-71,226
362,105,-70,209
363,106,-70,456
364,107,-70,322
365,108,-70,418
366,109,-70,257
367,110,-70,280
368,111,-70,298
369,104,-69,204
370,105,-69,428
371,106,-69,392
372,107,-69,371
373,108,-69,453
374,109,-69,266
375,110,-69,291
376,111,-69,295
377,112,-69,226
378,104,-68,280
379,105,-68,366
380,106,-68,400
381,107,-68,414
382,108,-68,524
383,109,-68,288
384,110,-68,293
385,111,-68,316
386,112,-68,263
387,104,-67,260
388,105,-67,236
389,106,-67,345
390,107,-67,412
391,108,-67,677
392,109,-67,521
393,110,-67,513
394,111,-67,394
395,112,-67,299
396,113,-67,218
397,114,-67,217
398,105,-66,246
399,106,-66,364
400,107,-66,839
401,108,-66,448
402,109,-66,352
403,110,-66,368
404,111,-66,412
405,112,-66,398
406,113,-66,229
407,114,-66,221
408,115,-66,216
409,105,-65,410
410,106,-65,385
411,107,-65,278
412,108,-65,300
413,109,-65,326
414,110,-65,365
415,111,-65,358
416,112,-65,388
417,113,-65,339
418,114,-65,208
419,105,-64,314
420,106,-64,315
421,107,-64,239
422,108,-64,241
423,109,-64,302
424,110,-64,389
425,111,-64,367
426,112,-64,351
427,113,-64,354
428,114,-64,247
429,-109,-63,211
430,-96,-63,513
431,-95,-63,678
432,105,-63,329
433,106,-63,463
434,107,-63,440
435,108,-63,321
436,109,-63,396
437,110,-63,395
438,111,-63,372
439,112,-63,371
440,113,-63,309
441,114,-63,438
442,115,-63,216
443,-110,-62,208
444,-96,-62,690
445,-95,-62,297
446,103,-62,266
447,104,-62,304
448,105,-62,322
449,106,-62,241
450,107,-62,391
451,108,-62,223
452,109,-62,325
453,110,-62,583
454,111,-62,561
455,112,-62,263
456,113,-62,373
457,-96,-61,277
458,104,-61,290
459,105,-61,323
460,106,-61,454
461,107,-61,329
462,108,-61,259
463,109,-61,249
464,110,-61,320
465,111,-61,482
466,112,-61,453
467,113,-61,297
468,114,-61,230
469,93,-60,239
470,94,-60,226
471,104,-60,578
472,105,-60,460
473,106,-60,258
474,107,-60,413
475,108,-60,454
476,109,-60,332
477,110,-60,332
478,111,-60,351
479,112,-60,447
480,113,-60,506
481,114,-60,237
482,115,-60,209
483,93,-59,231
484,94,-59,254
485,95,-59,217
486,104,-59,316
487,105,-59,601
488,106,-59,422
489,107,-59,341
490,108,-59,293
491,109,-59,337
492,110,-59,351
493,111,-59,369
494,112,-59,353
495,113,-59,273
496,114,-59,255
497,115,-59,203
498,94,-58,262
499,95,-58,248
500,96,-58,272
501,104,-58,245
502,105,-58,312
503,106,-58,281
504,107,-58,465
505,108,-58,414
506,109,-58,412
507,110,-58,289
508,111,-58,385
509,112,-58,367
510,113,-58,243
511,114,-58,313
512,94,-57,342
513,95,-57,290
514,96,-57,251
515,104,-57,254
516,105,-57,421
517,106,-57,384
518,107,-57,469
519,108,-57,381
520,109,-57,282
521,110,-57,469
522,111,-57,331
523,112,-57,395
524,113,-57,322
525,115,-57,227
526,90,-56,251
527,91,-56,238
528,94,-56,246
529,95,-56,316
530,96,-56,293
531,97,-56,230
532,104,-56,393
533,105,-56,575
534,106,-56,249
535,107,-56,318
536,108,-56,504
537,109,-56,457
538,110,-56,349
539,111,-56,532
540,112,-56,400
541,113,-56,334
542,90,-55,228
543,91,-55,226
544,92,-55,215
545,93,-55,242
546,95,-55,451
547,96,-55,374
548,97,-55,277
549,104,-55,225
550,105,-55,510
551,106,-55,543
552,107,-55,591
553,108,-55,417
554,109,-55,319
555,110,-55,625
556,111,-55,366
557,112,-55,396
558,113,-55,280
559,114,-55,264
560,115,-55,211
561,116,-55,203
562,86,-54,235
563,87,-54,214
564,88,-54,242
565,90,-54,225
566,91,-54,328
567,92,-54,246
568,93,-54,287
569,94,-54,304
570,95,-54,478
571,96,-54,459
572,97,-54,377
573,98,-54,261
574,99,-54,201
575,104,-54,223
576,105,-54,577
577,106,-54,621
578,107,-54,495
579,108,-54,459
580,109,-54,503
581,110,-54,437
582,111,-54,497
583,112,-54,304
584,113,-54,384
585,86,-53,219
586,87,-53,222
587,88,-53,279
588,89,-53,208
589,90,-53,305
590,91,-53,280
591,92,-53,315
592,93,-53,416
593,94,-53,504
594,95,-53,442
595,96,-53,487
596,97,-53,451
597,98,-53,315
598,99,-53,248
599,105,-53,354
600,106,-53,552
601,107,-53,709
602,108,-53,660
603,109,-53,479
604,110,-53,463
605,111,-53,406
606,112,-53,471
607,113,-53,243
608,114,-53,323
609,87,-52,210
610,88,-52,244
611,89,-52,261
612,90,-52,218
613,91,-52,320
614,92,-52,386
615,93,-52,423
616,94,-52,545
617,95,-52,520
618,96,-52,487
619,97,-52,492
620,98,-52,410
621,99,-52,228
622,100,-52,229
623,106,-52,577
624,107,-52,662
625,108,-52,570
626,109,-52,551
627,110,-52,616
628,111,-52,431
629,112,-52,289
630,113,-52,374
631,114,-52,307
632,88,-51,299
633,89,-51,217
634,90,-51,257
635,91,-51,268
636,92,-51,379
637,93,-51,481
638,94,-51,500
639,95,-51,544
640,96,-51,824
641,97,-51,714
642,98,-51,496
643,99,-51,300
644,106,-51,443
645,107,-51,500
646,108,-51,671
647,109,-51,575
648,110,-51,522
649,111,-51,478
650,112,-51,390
651,113,-51,241
652,114,-51,220
653,115,-51,229
654,116,-51,230
655,88,-50,265
656,89,-50,225
657,90,-50,220
658,91,-50,234
659,92,-50,381
660,93,-50,356
661,94,-50,630
662,95,-50,800
663,96,-50,758
664,97,-50,628
665,98,-50,570
666,99,-50,225
667,106,-50,470
668,107,-50,522
669,108,-50,634
670,109,-50,709
671,110,-50,608
672,111,-50,403
673,112,-50,257
674,113,-50,255
675,114,-50,239
676,88,-49,227
677,89,-49,212
678,90,-49,332
679,91,-49,250
680,92,-49,423
681,93,-49,558
682,94,-49,623
683,95,-49,598
684,96,-49,645
685,97,-49,597
686,98,-49,488
687,106,-49,425
688,107,-49,490
689,108,-49,666
690,109,-49,585
691,110,-49,559
692,111,-49,468
693,112,-49,276
694,113,-49,236
695,114,-49,208
696,86,-48,224
697,87,-48,207
698,88,-48,229
699,89,-48,255
700,90,-48,371
701,91,-48,411
702,92,-48,530
703,93,-48,490
704,94,-48,586
705,95,-48,691
706,96,-48,751
707,97,-48,583
708,98,-48,389
709,104,-48,234
710,105,-48,210
711,106,-48,360
712,107,-48,504
713,108,-48,550
714,109,-48,731
715,110,-48,464
716,111,-48,470
717,112,-48,307
718,113,-48,258
719,85,-47,208
720,86,-47,300
721,87,-47,386
722,88,-47,240
723,89,-47,261
724,90,-47,337
725,91,-47,497
726,92,-47,632
727,93,-47,662
728,94,-47,792
729,95,-47,854
730,96,-47,576
731,97,-47,582
732,98,-47,582
733,99,-47,209
734,104,-47,261
735,105,-47,240
736,106,-47,291
737,107,-47,539
738,108,-47,511
739,109,-47,524
740,110,-47,479
741,111,-47,470
742,112,-47,314
743,86,-46,216
744,87,-46,367
745,88,-46,485
746,89,-46,239
747,90,-46,272
748,91,-46,554
749,92,-46,512
750,93,-46,736
751,94,-46,828
752,95,-46,546
753,96,-46,585
754,97,-46,521
755,98,-46,582
756,99,-46,326
757,104,-46,243
758,105,-46,236
759,106,-46,247
760,107,-46,374
761,108,-46,306
762,109,-46,484
763,110,-46,327
764,111,-46,390
765,112,-46,323
766,87,-45,263
767,88,-45,303
768,89,-45,303
769,90,-45,344
770,91,-45,314
771,92,-45,712
772,93,-45,784
773,94,-45,695
774,95,-45,567
775,96,-45,698
776,97,-45,714
777,98,-45,281
778,99,-45,258
779,105,-45,306
780,106,-45,249
781,107,-45,249
782,108,-45,259
783,109,-45,319
784,110,-45,392
785,111,-45,320
786,112,-45,232
787,88,-44,268
788,89,-44,315
789,90,-44,407
790,91,-44,340
791,92,-44,743
792,93,-44,873
793,94,-44,829
794,95,-44,489
795,96,-44,345
796,97,-44,374
797,98,-44,316
798,106,-44,234
799,107,-44,286
800,108,-44,240
801,109,-44,295
802,110,-44,240
803,111,-44,234
804,112,-44,232
805,85,-43,255
806,86,-43,252
807,88,-43,212
808,89,-43,340
809,90,-43,424
810,91,-43,345
811,92,-43,717
812,93,-43,688
813,94,-43,700
814,95,-43,461
815,96,-43,236
816,97,-43,331
817,98,-43,257
818,106,-43,217
819,107,-43,356
820,108,-43,241
821,109,-43,203
822,110,-43,282
823,111,-43,259
824,112,-43,205
825,85,-42,282
826,86,-42,290
827,87,-42,236
828,88,-42,258
829,89,-42,325
830,90,-42,412
831,91,-42,398
832,92,-42,560
833,93,-42,996
834,94,-42,979
835,95,-42,595
836,107,-42,308
837,108,-42,271
838,109,-42,219
839,110,-42,249
840,111,-42,222
841,112,-42,272
842,85,-41,236
843,86,-41,279
844,87,-41,274
845,88,-41,425
846,89,-41,516
847,90,-41,606
848,91,-41,490
849,92,-41,845
850,93,-41,1121
851,94,-41,1041
852,95,-41,512
853,107,-41,242
854,108,-41,233
855,111,-41,216
856,87,-40,334
857,88,-40,524
858,89,-40,581
859,90,-40,618
860,91,-40,753
861,92,-40,699
862,93,-40,1202
863,94,-40,988
864,95,-40,602
865,107,-40,220
866,111,-40,209
867,85,-39,246
868,87,-39,440
869,88,-39,724
870,89,-39,907
871,90,-39,913
872,91,-39,626
873,92,-39,857
874,93,-39,760
875,94,-39,815
876,95,-39,597
877,111,-39,244
878,85,-38,283
879,86,-38,367
880,87,-38,416
881,88,-38,559
882,89,-38,691
883,90,-38,763
884,91,-38,763
885,92,-38,363
886,93,-38,367
887,94,-38,428
888,112,-38,246
889,85,-37,357
890,86,-37,469
891,87,-37,507
892,88,-37,552
893,89,-37,437
894,90,-37,689
895,91,-37,782
896,92,-37,237
897,93,-37,223
898,85,-36,465
899,86,-36,584
900,87,-36,762
901,88,-36,568
902,89,-36,362
903,90,-36,506
904,91,-36,758
905,92,-36,752
906,99,-36,231
907,82,-35,269
908,85,-35,350
909,86,-35,508
910,87,-35,651
911,88,-35,735
912,89,-35,294
913,90,-35,279
914,91,-35,653
915,92,-35,1078
916,99,-35,382
917,100,-35,243
918,83,-34,329
919,85,-34,222
920,86,-34,524
921,87,-34,820
922,88,-34,448
923,89,-34,277
924,90,-34,250
925,91,-34,359
926,92,-34,465
927,99,-34,337
928,100,-34,240
929,83,-33,449
930,86,-33,340
931,87,-33,576
932,88,-33,273
933,93,-33,214
934,99,-33,310
935,100,-33,223
936,82,-32,239
937,83,-32,409
938,84,-32,245
939,85,-32,285
940,86,-32,293
941,87,-32,368
942,88,-32,459
943,89,-32,356
944,90,-32,257
945,91,-32,218
946,93,-32,228
947,98,-32,219
948,99,-32,299
949,100,-32,243
950,101,-32,222
951,83,-31,381
952,84,-31,468
953,85,-31,504
954,86,-31,441
955,87,-31,540
956,88,-31,409
957,89,-31,523
958,90,-31,405
959,91,-31,436
960,92,-31,212
961,97,-31,263
962,98,-31,496
963,99,-31,432
964,100,-31,363
965,101,-31,302
966,102,-31,307
967,103,-31,272
968,104,-31,212
969,83,-30,207
970,84,-30,481
971,85,-30,456
972,86,-30,480
973,87,-30,677
974,88,-30,729
975,89,-30,389
976,90,-30,432
977,91,-30,327
978,97,-30,318
979,98,-30,319
980,99,-30,420
981,100,-30,430
982,101,-30,268
983,102,-30,302
984,103,-30,300
985,104,-30,295
986,105,-30,202
987,83,-29,242
988,84,-29,404
989,85,-29,223
990,86,-29,463
991,87,-29,796
992,88,-29,679
993,89,-29,687
994,97,-29,217
995,98,-29,317
996,99,-29,288
997,100,-29,295
998,101,-29,358
999,103,-29,324
1000,104,-29,213
1001,83,-28,324
1002,84,-28,502
1003,85,-28,359
1004,86,-28,436
1005,87,-28,704
1006,88,-28,826
1007,89,-28,766
1008,90,-28,332
1009,98,-28,313
1010,99,-28,264
1011,100,-28,424
1012,101,-28,316
1013,84,-27,312
1014,85,-27,471
1015,86,-27,546
1016,87,-27,663
1017,88,-27,679
1018,89,-27,715
1019,90,-27,828
1020,97,-27,290
1021,98,-27,362
1022,99,-27,261
1023,100,-27,320
1024,101,-27,243
1025,84,-26,396
1026,85,-26,804
1027,86,-26,497
1028,87,-26,446
1029,88,-26,338
1030,89,-26,686
1031,90,-26,560
1032,98,-26,331
1033,99,-26,252
1034,100,-26,306
1035,101,-26,241
1036,67,-25,234
1037,79,-25,252
1038,84,-25,441
1039,85,-25,733
1040,86,-25,1196
1041,87,-25,226
1042,97,-25,330
1043,98,-25,303
1044,99,-25,396
1045,100,-25,297
1046,104,-25,201
1047,70,-24,208
1048,78,-24,240
1049,79,-24,515
1050,80,-24,333
1051,81,-24,376
1052,82,-24,438
1053,84,-24,242
1054,85,-24,678
1055,86,-24,815
1056,87,-24,225
1057,97,-24,347
1058,98,-24,518
1059,99,-24,663
1060,100,-24,348
1061,101,-24,251
1062,104,-24,223
1063,-122,-23,244
1064,67,-23,229
1065,77,-23,286
1066,78,-23,579
1067,79,-23,757
1068,80,-23,768
1069,81,-23,919
1070,82,-23,636
1071,83,-23,443
1072,84,-23,369
1073,85,-23,671
1074,86,-23,916
1075,87,-23,404
1076,97,-23,359
1077,98,-23,700
1078,99,-23,541
1079,100,-23,345
1080,101,-23,254
1081,102,-23,254
1082,103,-23,238
1083,-122,-22,209
1084,-121,-22,210
1085,71,-22,218
1086,77,-22,244
1087,78,-22,414
1088,79,-22,817
1089,80,-22,1095
1090,81,-22,901
1091,82,-22,707
1092,83,-22,681
1093,84,-22,395
1094,85,-22,331
1095,86,-22,935
1096,87,-22,520
1097,97,-22,305
1098,98,-22,654
1099,99,-22,495
1100,100,-22,361
1101,101,-22,257
1102,103,-22,261
1103,104,-22,206
1104,67,-21,230
1105,68,-21,215
1106,70,-21,248
1107,77,-21,343
1108,78,-21,502
1109,79,-21,915
1110,80,-21,1153
1111,81,-21,910
1112,82,-21,838
1113,83,-21,657
1114,84,-21,364
1115,86,-21,496
1116,87,-21,711
1117,98,-21,421
1118,99,-21,532
1119,100,-21,260
1120,101,-21,207
1121,102,-21,214
1122,-122,-20,206
1123,70,-20,218
1124,77,-20,466
1125,78,-20,680
1126,79,-20,1244
1127,80,-20,1484
1128,81,-20,1251
1129,82,-20,1690
1130,83,-20,590
1131,84,-20,338
1132,86,-20,307
1133,87,-20,602
1134,97,-20,241
1135,98,-20,382
1136,99,-20,465
1137,100,-20,356
1138,67,-19,233
1139,68,-19,267
1140,69,-19,215
1141,77,-19,497
1142,78,-19,845
1143,79,-19,1467
1144,80,-19,1619
1145,81,-19,1477
1146,82,-19,1048
1147,83,-19,906
1148,84,-19,267
1149,97,-19,241
1150,98,-19,423
1151,99,-19,456
1152,100,-19,303
1153,-123,-18,205
1154,65,-18,219
1155,67,-18,211
1156,68,-18,337
1157,69,-18,280
1158,70,-18,247
1159,77,-18,531
1160,78,-18,728
1161,79,-18,1244
1162,80,-18,1555
1163,81,-18,1463
1164,82,-18,1575
1165,83,-18,501
1166,84,-18,234
1167,94,-18,360
1168,95,-18,236
1169,96,-18,276
1170,97,-18,359
1171,98,-18,500
1172,99,-18,331
1173,100,-18,304
1174,-123,-17,208
1175,-5,-17,1014
1176,-4,-17,820
1177,-3,-17,453
1178,64,-17,214
1179,65,-17,301
1180,66,-17,293
1181,67,-17,441
1182,68,-17,471
1183,69,-17,510
1184,70,-17,520
1185,71,-17,438
1186,72,-17,324
1187,73,-17,272
1188,74,-17,320
1189,75,-17,258
1190,77,-17,576
1191,78,-17,731
1192,79,-17,889
1193,80,-17,1747
1194,81,-17,1903
1195,82,-17,2091
1196,83,-17,1442
1197,84,-17,452
1198,86,-17,222
1199,87,-17,247
1200,93,-17,325
1201,94,-17,427
1202,95,-17,406
1203,96,-17,421
1204,97,-17,494
1205,98,-17,441
1206,99,-17,308
1207,100,-17,208
1208,-124,-16,246
1209,-80,-16,493
1210,-5,-16,573
1211,-4,-16,1214
1212,-3,-16,667
1213,65,-16,518
1214,66,-16,328
1215,67,-16,415
1216,68,-16,508
1217,69,-16,551
1218,70,-16,825
1219,71,-16,591
1220,72,-16,333
1221,73,-16,323
1222,77,-16,564
1223,78,-16,1057
1224,79,-16,1016
1225,80,-16,1125
1226,81,-16,1681
1227,82,-16,2409
1228,83,-16,1660
1229,84,-16,507
1230,85,-16,251
1231,86,-16,491
1232,87,-16,288
1233,94,-16,550
1234,95,-16,451
1235,96,-16,411
1236,97,-16,455
1237,98,-16,445
1238,99,-16,273
1239,100,-16,230
1240,66,-15,287
1241,67,-15,274
1242,68,-15,521
1243,69,-15,551
1244,70,-15,680
1245,71,-15,500
1246,72,-15,331
1247,77,-15,262
1248,78,-15,620
1249,79,-15,512
1250,80,-15,988
1251,81,-15,1175
1252,82,-15,1376
1253,83,-15,1099
1254,84,-15,399
1255,85,-15,272
1256,86,-15,464
1257,94,-15,340
1258,95,-15,367
1259,96,-15,335
1260,97,-15,322
1261,98,-15,356
1262,99,-15,263
1263,100,-15,204
1264,58,-14,207
1265,59,-14,230
1266,62,-14,285
1267,63,-14,220
1268,64,-14,217
1269,66,-14,264
1270,67,-14,409
1271,68,-14,592
1272,69,-14,588
1273,70,-14,821
1274,71,-14,613
1275,72,-14,568
1276,73,-14,779
1277,74,-14,332
1278,78,-14,366
1279,79,-14,335
1280,80,-14,395
1281,81,-14,467
1282,82,-14,289
1283,84,-14,548
1284,85,-14,242
1285,86,-14,367
1286,96,-14,303
1287,97,-14,308
1288,98,-14,313
1289,99,-14,250
1290,58,-13,219
1291,59,-13,228
1292,60,-13,338
1293,61,-13,432
1294,62,-13,350
1295,63,-13,319
1296,64,-13,443
1297,65,-13,454
1298,66,-13,495
1299,67,-13,599
1300,68,-13,592
1301,69,-13,682
1302,70,-13,626
1303,71,-13,532
1304,72,-13,522
1305,73,-13,770
1306,74,-13,619
1307,75,-13,255
1308,96,-13,284
1309,97,-13,240
1310,98,-13,241
1311,99,-13,234
1312,59,-12,329
1313,60,-12,394
1314,61,-12,450
1315,62,-12,463
1316,63,-12,283
1317,64,-12,527
1318,65,-12,661
1319,66,-12,601
1320,67,-12,626
1321,68,-12,643
1322,69,-12,657
1323,70,-12,688
1324,71,-12,650
1325,72,-12,574
1326,73,-12,543
1327,74,-12,814
1328,75,-12,763
1329,76,-12,680
1330,77,-12,240
1331,83,-12,235
1332,96,-12,405
1333,97,-12,311
1334,98,-12,212
1335,99,-12,215
1336,-99,-11,221
1337,55,-11,232
1338,56,-11,282
1339,57,-11,229
1340,58,-11,291
1341,59,-11,567
1342,60,-11,558
1343,61,-11,643
1344,62,-11,528
1345,63,-11,301
1346,64,-11,527
1347,65,-11,917
1348,66,-11,1011
1349,67,-11,898
1350,68,-11,1127
1351,69,-11,841
1352,70,-11,1110
1353,71,-11,823
1354,72,-11,803
1355,73,-11,908
1356,74,-11,1192
1357,75,-11,1072
1358,76,-11,1110
1359,77,-11,653
1360,83,-11,212
1361,95,-11,226
1362,96,-11,399
1363,97,-11,259
1364,98,-11,212
1365,-101,-10,207
1366,-99,-10,320
1367,-89,-10,278
1368,-88,-10,505
1369,-84,-10,273
1370,56,-10,476
1371,57,-10,414
1372,58,-10,450
1373,59,-10,750
1374,60,-10,574
1375,61,-10,805
1376,62,-10,626
1377,63,-10,418
1378,64,-10,624
1379,65,-10,1211
1380,66,-10,1054
1381,67,-10,1506
1382,68,-10,1176
1383,69,-10,966
1384,70,-10,954
1385,71,-10,1050
1386,72,-10,921
1387,73,-10,1412
1388,74,-10,867
1389,75,-10,1457
1390,76,-10,1286
1391,77,-10,623
1392,96,-10,220
1393,97,-10,229
1394,-88,-9,451
1395,-85,-9,621
1396,-84,-9,1680
1397,-83,-9,321
1398,54,-9,201
1399,55,-9,249
1400,56,-9,456
1401,57,-9,441
1402,58,-9,617
1403,59,-9,689
1404,60,-9,629
1405,61,-9,710
1406,62,-9,842
1407,63,-9,780
1408,64,-9,1094
1409,65,-9,1061
1410,66,-9,1028
1411,67,-9,1259
1412,68,-9,1172
1413,69,-9,609
1414,70,-9,870
1415,71,-9,1061
1416,72,-9,664
1417,73,-9,877
1418,74,-9,861
1419,75,-9,837
1420,76,-9,444
1421,77,-9,248
1422,83,-9,212
1423,-88,-8,377
1424,-87,-8,336
1425,53,-8,228
1426,54,-8,233
1427,55,-8,415
1428,56,-8,571
1429,57,-8,614
1430,58,-8,904
1431,59,-8,915
1432,60,-8,880
1433,61,-8,1098
1434,62,-8,1150
1435,63,-8,1347
1436,64,-8,1418
1437,65,-8,1245
1438,66,-8,1020
1439,67,-8,1554
1440,68,-8,1765
1441,69,-8,870
1442,70,-8,865
1443,71,-8,1083
1444,72,-8,766
1445,73,-8,464
1446,74,-8,442
1447,75,-8,348
1448,76,-8,260
1449,77,-8,262
1450,78,-8,300
1451,93,-8,246
1452,94,-8,260
1453,95,-8,215
1454,-88,-7,430
1455,-87,-7,284
1456,52,-7,264
1457,53,-7,311
1458,54,-7,442
1459,55,-7,556
1460,56,-7,741
1461,57,-7,782
1462,58,-7,865
1463,59,-7,1100
1464,60,-7,1115
1465,61,-7,1343
1466,62,-7,1735
1467,63,-7,1617
1468,64,-7,1940
1469,65,-7,2099
1470,66,-7,1569
1471,67,-7,1767
1472,68,-7,1385
1473,69,-7,776
1474,70,-7,859
1475,71,-7,696
1476,72,-7,1022
1477,73,-7,701
1478,74,-7,697
1479,75,-7,354
1480,76,-7,255
1481,77,-7,299
1482,78,-7,453
1483,93,-7,276
1484,94,-7,234
1485,95,-7,214
1486,-22,-6,212
1487,-21,-6,227
1488,-20,-6,291
1489,52,-6,230
1490,53,-6,425
1491,54,-6,474
1492,55,-6,674
1493,56,-6,768
1494,57,-6,768
1495,58,-6,1029
1496,59,-6,1138
1497,60,-6,1087
1498,61,-6,1236
1499,62,-6,1837
1500,63,-6,1458
1501,64,-6,1792
1502,65,-6,1695
1503,66,-6,1498
1504,67,-6,1552
1505,68,-6,912
1506,69,-6,274
1507,70,-6,349
1508,71,-6,1075
1509,72,-6,1199
1510,73,-6,759
1511,74,-6,657
1512,75,-6,338
1513,76,-6,374
1514,77,-6,283
1515,78,-6,278
1516,93,-6,277
1517,94,-6,343
1518,-22,-5,275
1519,-21,-5,556
1520,-20,-5,701
1521,-19,-5,390
1522,50,-5,261
1523,51,-5,257
1524,52,-5,356
1525,53,-5,724
1526,54,-5,662
1527,55,-5,818
1528,56,-5,1091
1529,57,-5,1165
1530,58,-5,1418
1531,59,-5,1760
1532,60,-5,1885
1533,61,-5,2642
1534,62,-5,2227
1535,63,-5,1899
1536,64,-5,2321
1537,65,-5,2261
1538,66,-5,1742
1539,67,-5,1856
1540,68,-5,1207
1541,69,-5,870
1542,70,-5,996
1543,71,-5,1523
1544,72,-5,1007
1545,73,-5,901
1546,74,-5,1237
1547,75,-5,688
1548,92,-5,220
1549,93,-5,306
1550,94,-5,234
1551,-22,-4,263
1552,-21,-4,734
1553,-20,-4,1495
1554,-19,-4,453
1555,50,-4,394
1556,51,-4,473
1557,52,-4,669
1558,53,-4,876
1559,54,-4,786
1560,55,-4,1224
1561,56,-4,1585
1562,57,-4,1300
1563,58,-4,1322
1564,59,-4,2272
1565,60,-4,1956
1566,61,-4,2429
1567,62,-4,3159
1568,63,-4,2358
1569,64,-4,2068
1570,65,-4,1457
1571,66,-4,1152
1572,67,-4,1080
1573,68,-4,1515
1574,69,-4,721
1575,70,-4,490
1576,71,-4,2093
1577,72,-4,1028
1578,73,-4,462
1579,74,-4,765
1580,75,-4,517
1581,93,-4,296
1582,94,-4,289
1583,-23,-3,300
1584,-22,-3,299
1585,-21,-3,612
1586,-20,-3,1307
1587,-19,-3,598
1588,49,-3,216
1589,50,-3,468
1590,51,-3,497
1591,52,-3,666
1592,53,-3,862
1593,54,-3,821
1594,55,-3,1095
1595,56,-3,1491
1596,57,-3,1249
1597,58,-3,1591
1598,59,-3,1803
1599,60,-3,1791
1600,61,-3,2491
1601,62,-3,2381
1602,63,-3,1943
1603,64,-3,2124
1604,65,-3,716
1605,66,-3,440
1606,67,-3,604
1607,68,-3,700
1608,69,-3,514
1609,70,-3,320
1610,71,-3,746
1611,72,-3,254
1612,73,-3,311
1613,74,-3,344
1614,75,-3,337
1615,92,-3,218
1616,93,-3,232
1617,94,-3,223
1618,-97,-2,390
1619,-23,-2,361
1620,-22,-2,264
1621,-21,-2,599
1622,-20,-2,1240
1623,-19,-2,731
1624,47,-2,222
1625,48,-2,251
1626,49,-2,368
1627,50,-2,686
1628,51,-2,738
1629,52,-2,907
1630,53,-2,1171
1631,54,-2,1208
1632,55,-2,1627
1633,56,-2,1855
1634,57,-2,1406
1635,58,-2,1868
1636,59,-2,2111
1637,60,-2,2183
1638,61,-2,2705
1639,62,-2,2998
1640,63,-2,2235
1641,64,-2,2202
1642,65,-2,1116
1643,66,-2,617
1644,67,-2,645
1645,68,-2,508
1646,69,-2,339
1647,70,-2,313
1648,71,-2,323
1649,73,-2,345
1650,74,-2,241
1651,75,-2,219
1652,91,-2,221
1653,-21,-1,252
1654,-20,-1,455
1655,-19,-1,299
1656,47,-1,258
1657,48,-1,393
1658,49,-1,447
1659,50,-1,836
1660,51,-1,815
1661,52,-1,1326
1662,53,-1,1615
1663,54,-1,1546
1664,55,-1,2197
1665,56,-1,1449
1666,57,-1,1546
1667,58,-1,1988
1668,59,-1,1830
1669,60,-1,2156
1670,61,-1,2649
1671,62,-1,3226
1672,63,-1,2328
1673,64,-1,1218
1674,65,-1,638
1675,66,-1,1010
1676,67,-1,864
1677,68,-1,495
1678,69,-1,282
1679,70,-1,292
1680,71,-1,216
1681,73,-1,567
1682,74,-1,636
1683,75,-1,382
1684,47,0,208
1685,48,0,341
1686,49,0,468
1687,50,0,877
1688,51,0,856
1689,52,0,1155
1690,53,0,1454
1691,54,0,1274
1692,55,0,1405
1693,56,0,1915
1694,57,0,1141
1695,58,0,1366
1696,59,0,1623
1697,60,0,1941
1698,61,0,2126
1699,62,0,2741
1700,63,0,1158
1701,64,0,465
1702,65,0,647
1703,66,0,574
1704,67,0,478
1705,68,0,412
1706,69,0,239
1707,70,0,337
1708,71,0,248
1709,72,0,540
1710,73,0,658
1711,74,0,901
1712,75,0,559
1713,76,0,284
1714,93,0,201
1715,43,1,212
1716,47,1,205
1717,48,1,471
1718,49,1,683
1719,50,1,1107
1720,51,1,1023
1721,52,1,1471
1722,53,1,1624
1723,54,1,1581
1724,55,1,2612
1725,56,1,1823
1726,57,1,1418
1727,58,1,1678
1728,59,1,1992
1729,60,1,1978
1730,61,1,2236
1731,62,1,1947
1732,63,1,645
1733,64,1,560
1734,65,1,621
1735,66,1,352
1736,67,1,361
1737,68,1,453
1738,69,1,607
1739,70,1,656
1740,71,1,741
1741,72,1,692
1742,73,1,709
1743,74,1,1060
1744,75,1,833
1745,76,1,456
1746,77,1,237
1747,43,2,309
1748,44,2,279
1749,47,2,390
1750,48,2,472
1751,49,2,726
1752,50,2,1126
1753,51,2,1033
1754,52,2,1066
1755,53,2,1399
1756,54,2,1654
1757,55,2,2519
1758,56,2,1987
1759,57,2,1053
1760,58,2,1019
1761,59,2,1420
1762,60,2,1928
1763,61,2,2040
1764,62,2,1267
1765,64,2,365
1766,65,2,570
1767,66,2,258
1768,67,2,603
1769,68,2,914
1770,69,2,621
1771,70,2,811
1772,71,2,831
1773,72,2,858
1774,73,2,1033
1775,74,2,977
1776,75,2,644
1777,76,2,514
1778,77,2,395
1779,-37,3,213
1780,43,3,303
1781,44,3,277
1782,45,3,218
1783,46,3,368
1784,47,3,363
1785,48,3,398
1786,49,3,639
1787,50,3,1019
1788,51,3,726
1789,52,3,844
1790,53,3,1155
1791,54,3,1214
1792,55,3,1709
1793,56,3,1362
1794,57,3,534
1795,59,3,345
1796,60,3,631
1797,61,3,786
1798,62,3,307
1799,65,3,289
1800,66,3,569
1801,67,3,932
1802,68,3,763
1803,69,3,580
1804,70,3,660
1805,71,3,783
1806,72,3,795
1807,73,3,886
1808,74,3,1007
1809,75,3,645
1810,76,3,618
1811,77,3,312
1812,-114,4,214
1813,-37,4,792
1814,-36,4,209
1815,40,4,340
1816,43,4,472
1817,44,4,482
1818,45,4,375
1819,46,4,536
1820,47,4,450
1821,48,4,523
1822,49,4,746
1823,50,4,1006
1824,51,4,720
1825,52,4,347
1826,53,4,569
1827,54,4,750
1828,55,4,1333
1829,56,4,1214
1830,57,4,228
1831,62,4,211
1832,63,4,273
1833,64,4,380
1834,65,4,413
1835,66,4,1046
1836,67,4,1396
1837,68,4,1372
1838,69,4,751
1839,70,4,630
1840,71,4,1160
1841,72,4,1080
1842,73,4,1091
1843,74,4,855
1844,75,4,597
1845,76,4,706
1846,77,4,532
1847,-114,5,297
1848,-60,5,309
1849,-37,5,252
1850,39,5,330
1851,40,5,522
1852,41,5,329
1853,42,5,256
1854,43,5,685
1855,44,5,600
1856,45,5,586
1857,46,5,694
1858,47,5,701
1859,48,5,493
1860,49,5,596
1861,50,5,579
1862,51,5,317
1863,52,5,328
1864,53,5,209
1865,54,5,433
1866,55,5,619
1867,56,5,391
1868,57,5,265
1869,62,5,270
1870,64,5,310
1871,65,5,554
1872,66,5,1027
1873,67,5,1309
1874,68,5,1170
1875,69,5,999
1876,70,5,1306
1877,71,5,844
1878,72,5,869
1879,73,5,1111
1880,74,5,1139
1881,75,5,954
1882,76,5,767
1883,77,5,753
1884,38,6,300
1885,39,6,381
1886,40,6,514
1887,41,6,327
1888,42,6,256
1889,43,6,570
1890,44,6,665
1891,45,6,613
1892,46,6,686
1893,47,6,438
1894,48,6,346
1895,49,6,429
1896,50,6,252
1897,51,6,336
1898,52,6,359
1899,53,6,286
1900,56,6,310
1901,57,6,367
1902,62,6,216
1903,65,6,358
1904,66,6,755
1905,67,6,952
1906,68,6,1056
1907,69,6,967
1908,70,6,657
1909,71,6,1066
1910,72,6,1040
1911,73,6,1179
1912,74,6,904
1913,75,6,756
1914,76,6,808
1915,77,6,563
1916,-57,7,217
1917,38,7,278
1918,39,7,389
1919,40,7,443
1920,41,7,471
1921,42,7,351
1922,43,7,490
1923,44,7,749
1924,45,7,646
1925,46,7,712
1926,47,7,278
1927,48,7,300
1928,49,7,552
1929,50,7,693
1930,51,7,368
1931,52,7,343
1932,58,7,365
1933,59,7,542
1934,60,7,685
1935,61,7,372
1936,66,7,576
1937,67,7,811
1938,68,7,1180
1939,69,7,911
1940,70,7,983
1941,71,7,1181
1942,72,7,1325
1943,73,7,1162
1944,74,7,1097
1945,75,7,789
1946,76,7,756
1947,77,7,382
1948,30,8,231
1949,32,8,242
1950,36,8,246
1951,37,8,258
1952,38,8,243
1953,39,8,228
1954,40,8,302
1955,41,8,256
1956,42,8,247
1957,43,8,339
1958,44,8,293
1959,50,8,390
1960,51,8,361
1961,58,8,378
1962,59,8,718
1963,60,8,870
1964,61,8,717
1965,62,8,255
1966,66,8,327
1967,67,8,592
1968,68,8,946
1969,69,8,707
1970,70,8,791
1971,71,8,1226
1972,72,8,963
1973,73,8,993
1974,74,8,893
1975,75,8,585
1976,76,8,554
1977,77,8,213
1978,32,9,206
1979,33,9,322
1980,34,9,346
1981,35,9,358
1982,36,9,298
1983,37,9,236
1984,38,9,239
1985,51,9,286
1986,59,9,551
1987,60,9,895
1988,61,9,759
1989,62,9,294
1990,64,9,363
1991,68,9,243
1992,70,9,320
1993,71,9,776
1994,72,9,788
1995,73,9,824
1996,74,9,624
1997,75,9,378
1998,76,9,298
1999,31,10,213
2000,32,10,367
2001,33,10,362
2002,34,10,507
2003,35,10,606
2004,36,10,519
2005,37,10,354
2006,38,10,446
2007,39,10,204
2008,51,10,271
2009,56,10,260
2010,57,10,420
2011,58,10,378
2012,59,10,889
2013,60,10,853
2014,61,10,742
2015,62,10,346
2016,63,10,459
2017,64,10,902
2018,65,10,785
2019,66,10,255
2020,68,10,328
2021,69,10,537
2022,70,10,367
2023,71,10,755
2024,72,10,862
2025,73,10,855
2026,74,10,448
2027,75,10,269
2028,-70,11,259
2029,23,11,280
2030,24,11,222
2031,25,11,201
2032,26,11,267
2033,27,11,254
2034,31,11,226
2035,32,11,402
2036,33,11,504
2037,34,11,619
2038,35,11,545
2039,36,11,609
2040,37,11,602
2041,38,11,561
2042,39,11,310
2043,40,11,239
2044,44,11,217
2045,55,11,668
2046,56,11,912
2047,57,11,900
2048,58,11,779
2049,59,11,1320
2050,60,11,1211
2051,61,11,794
2052,62,11,388
2053,63,11,761
2054,64,11,632
2055,65,11,482
2056,66,11,614
2057,67,11,257
2058,68,11,478
2059,69,11,611
2060,70,11,492
2061,71,11,758
2062,72,11,702
2063,73,11,666
2064,74,11,498
2065,23,12,269
2066,24,12,232
2067,25,12,235
2068,28,12,267
2069,29,12,343
2070,30,12,240
2071,31,12,371
2072,32,12,361
2073,33,12,492
2074,34,12,733
2075,35,12,620
2076,36,12,488
2077,37,12,479
2078,44,12,281
2079,51,12,255
2080,54,12,252
2081,55,12,970
2082,56,12,1330
2083,57,12,1031
2084,58,12,998
2085,59,12,1112
2086,60,12,1135
2087,61,12,774
2088,62,12,279
2089,63,12,384
2090,64,12,262
2091,65,12,233
2092,66,12,232
2093,67,12,210
2094,68,12,564
2095,69,12,585
2096,70,12,568
2097,71,12,663
2098,72,12,559
2099,73,12,464
2100,-94,13,428
2101,-72,13,271
2102,-71,13,232
2103,14,13,264
2104,17,13,273
2105,20,13,257
2106,21,13,264
2107,22,13,279
2108,23,13,261
2109,24,13,275
2110,25,13,339
2111,26,13,336
2112,27,13,360
2113,28,13,529
2114,29,13,594
2115,30,13,521
2116,31,13,669
2117,32,13,374
2118,33,13,595
2119,34,13,1280
2120,35,13,787
2121,36,13,827
2122,41,13,220
2123,43,13,203
2124,44,13,331
2125,47,13,285
2126,50,13,440
2127,51,13,343
2128,53,13,388
2129,54,13,793
2130,55,13,1307
2131,56,13,1705
2132,57,13,1179
2133,58,13,1119
2134,59,13,1180
2135,60,13,1303
2136,61,13,959
2137,62,13,565
2138,63,13,510
2139,64,13,354
2140,65,13,413
2141,66,13,204
2142,67,13,280
2143,68,13,438
2144,69,13,583
2145,70,13,576
2146,71,13,581
2147,72,13,411
2148,73,13,347
2149,-94,14,296
2150,-73,14,283
2151,-72,14,932
2152,-71,14,610
2153,-70,14,339
2154,-68,14,367
2155,-67,14,215
2156,-65,14,257
2157,-41,14,317
2158,-26,14,293
2159,-25,14,431
2160,17,14,230
2161,19,14,224
2162,20,14,277
2163,21,14,261
2164,22,14,297
2165,23,14,307
2166,24,14,222
2167,25,14,326
2168,26,14,487
2169,27,14,465
2170,28,14,697
2171,29,14,608
2172,30,14,588
2173,31,14,819
2174,32,14,984
2175,33,14,1123
2176,34,14,1428
2177,35,14,1533
2178,36,14,797
2179,38,14,237
2180,39,14,499
2181,40,14,1074
2182,41,14,1191
2183,42,14,411
2184,43,14,373
2185,44,14,429
2186,46,14,797
2187,47,14,1236
2188,48,14,633
2189,49,14,346
2190,50,14,331
2191,53,14,429
2192,54,14,919
2193,55,14,1246
2194,56,14,1308
2195,57,14,1146
2196,58,14,1163
2197,59,14,1502
2198,60,14,1183
2199,61,14,922
2200,62,14,870
2201,63,14,523
2202,64,14,410
2203,65,14,707
2204,67,14,267
2205,68,14,510
2206,69,14,424
2207,70,14,767
2208,71,14,540
2209,72,14,278
2210,73,14,216
2211,-72,15,657
2212,-71,15,554
2213,-64,15,263
2214,-62,15,218
2215,-61,15,224
2216,-60,15,202
2217,-59,15,422
2218,-26,15,442
2219,-25,15,306
2220,19,15,241
2221,20,15,222
2222,21,15,210
2223,22,15,262
2224,23,15,324
2225,26,15,677
2226,27,15,566
2227,28,15,707
2228,29,15,542
2229,30,15,685
2230,31,15,967
2231,32,15,1318
2232,33,15,1247
2233,34,15,1683
2234,35,15,1328
2235,36,15,528
2236,38,15,395
2237,39,15,307
2238,40,15,499
2239,41,15,588
2240,42,15,360
2241,43,15,410
2242,44,15,295
2243,46,15,503
2244,47,15,627
2245,48,15,410
2246,49,15,391
2247,50,15,412
2248,54,15,537
2249,55,15,869
2250,56,15,1212
2251,57,15,927
2252,58,15,990
2253,59,15,1298
2254,60,15,873
2255,61,15,812
2256,62,15,798
2257,63,15,483
2258,64,15,663
2259,65,15,338
2260,68,15,439
2261,69,15,315
2262,70,15,388
2263,71,15,290
2264,-65,16,386
2265,-64,16,400
2266,-63,16,310
2267,-62,16,334
2268,-61,16,384
2269,-60,16,427
2270,-59,16,663
2271,-58,16,228
2272,22,16,333
2273,23,16,239
2274,24,16,221
2275,25,16,378
2276,26,16,722
2277,27,16,807
2278,28,16,877
2279,29,16,801
2280,30,16,795
2281,31,16,1197
2282,32,16,1953
2283,33,16,1718
2284,34,16,1908
2285,35,16,1385
2286,36,16,225
2287,37,16,289
2288,38,16,488
2289,39,16,323
2290,40,16,304
2291,41,16,846
2292,42,16,543
2293,43,16,243
2294,47,16,652
2295,48,16,465
2296,49,16,203
2297,50,16,255
2298,54,16,440
2299,55,16,1089
2300,56,16,1004
2301,57,16,895
2302,58,16,1240
2303,59,16,1017
2304,60,16,978
2305,61,16,1018
2306,62,16,683
2307,63,16,525
2308,64,16,560
2309,65,16,388
2310,67,16,321
2311,68,16,318
2312,69,16,298
2313,70,16,339
2314,71,16,205
2315,-68,17,297
2316,-67,17,307
2317,-66,17,236
2318,-65,17,400
2319,-64,17,459
2320,-63,17,387
2321,-62,17,440
2322,-61,17,480
2323,-60,17,322
2324,-59,17,359
2325,-50,17,392
2326,16,17,231
2327,22,17,272
2328,23,17,314
2329,24,17,202
2330,25,17,345
2331,26,17,777
2332,27,17,714
2333,28,17,913
2334,29,17,716
2335,30,17,726
2336,31,17,556
2337,32,17,974
2338,33,17,716
2339,34,17,887
2340,35,17,884
2341,36,17,476
2342,37,17,420
2343,38,17,224
2344,39,17,395
2345,40,17,337
2346,41,17,252
2347,47,17,455
2348,48,17,291
2349,49,17,242
2350,54,17,246
2351,55,17,349
2352,56,17,374
2353,57,17,725
2354,58,17,750
2355,59,17,1214
2356,60,17,613
2357,61,17,776
2358,62,17,552
2359,63,17,380
2360,64,17,359
2361,67,17,394
2362,68,17,328
2363,69,17,207
2364,-65,18,343
2365,-64,18,532
2366,-63,18,416
2367,-62,18,386
2368,-61,18,505
2369,-60,18,261
2370,-59,18,328
2371,-58,18,240
2372,-57,18,230
2373,-56,18,226
2374,-50,18,490
2375,-49,18,216
2376,-25,18,300
2377,15,18,252
2378,16,18,386
2379,22,18,331
2380,23,18,600
2381,24,18,452
2382,25,18,432
2383,26,18,450
2384,27,18,593
2385,28,18,588
2386,29,18,250
2387,31,18,285
2388,32,18,235
2389,56,18,257
2390,57,18,327
2391,58,18,429
2392,59,18,656
2393,60,18,385
2394,61,18,470
2395,62,18,310
2396,-66,19,241
2397,-65,19,267
2398,-64,19,357
2399,-63,19,301
2400,-62,19,425
2401,-61,19,889
2402,-60,19,540
2403,-59,19,519
2404,-58,19,419
2405,-57,19,345
2406,-56,19,464
2407,-55,19,327
2408,-53,19,269
2409,-50,19,268
2410,-38,19,296
2411,-37,19,300
2412,-36,19,283
2413,-35,19,326
2414,11,19,280
2415,14,19,300
2416,15,19,330
2417,16,19,465
2418,17,19,290
2419,21,19,237
2420,22,19,632
2421,23,19,530
2422,24,19,663
2423,25,19,428
2424,53,19,218
2425,55,19,296
2426,56,19,322
2427,57,19,331
2428,58,19,482
2429,59,19,423
2430,60,19,287
2431,61,19,358
2432,62,19,245
2433,-86,20,211
2434,-65,20,224
2435,-64,20,280
2436,-63,20,359
2437,-62,20,329
2438,-61,20,536
2439,-60,20,510
2440,-59,20,534
2441,-58,20,561
2442,-57,20,399
2443,-56,20,508
2444,-55,20,415
2445,-54,20,350
2446,-52,20,274
2447,-42,20,215
2448,-39,20,306
2449,-38,20,636
2450,-37,20,501
2451,-36,20,396
2452,-35,20,426
2453,-34,20,309
2454,4,20,266
2455,5,20,249
2456,11,20,259
2457,12,20,316
2458,13,20,451
2459,14,20,449
2460,15,20,448
2461,16,20,491
2462,17,20,505
2463,18,20,331
2464,19,20,359
2465,20,20,286
2466,21,20,385
2467,22,20,398
2468,23,20,331
2469,52,20,265
2470,56,20,218
2471,57,20,239
2472,58,20,453
2473,59,20,214
2474,60,20,214
2475,61,20,227
2476,-86,21,252
2477,-64,21,256
2478,-63,21,352
2479,-62,21,342
2480,-61,21,354
2481,-60,21,346
2482,-59,21,470
2483,-58,21,346
2484,-57,21,413
2485,-56,21,369
2486,-55,21,439
2487,-54,21,384
2488,-53,21,244
2489,-52,21,219
2490,-50,21,215
2491,-49,21,277
2492,-47,21,231
2493,-46,21,213
2494,-44,21,221
2495,-43,21,233
2496,-42,21,241
2497,-41,21,302
2498,-40,21,210
2499,-38,21,251
2500,-37,21,425
2501,-36,21,477
2502,-35,21,421
2503,-34,21,302
2504,0,21,212
2505,1,21,297
2506,2,21,269
2507,3,21,326
2508,4,21,435
2509,5,21,345
2510,6,21,261
2511,7,21,264
2512,10,21,261
2513,11,21,446
2514,12,21,492
2515,13,21,479
2516,14,21,376
2517,15,21,358
2518,16,21,280
2519,17,21,486
2520,18,21,611
2521,19,21,635
2522,20,21,339
2523,31,21,226
2524,-75,22,268
2525,-74,22,283
2526,-71,22,215
2527,-65,22,266
2528,-64,22,245
2529,-63,22,383
2530,-62,22,470
2531,-61,22,485
2532,-60,22,395
2533,-59,22,567
2534,-58,22,441
2535,-57,22,649
2536,-56,22,643
2537,-55,22,493
2538,-54,22,385
2539,-53,22,271
2540,-52,22,209
2541,-50,22,333
2542,-49,22,332
2543,-48,22,283
2544,-47,22,615
2545,-46,22,402
2546,-45,22,290
2547,-44,22,464
2548,-43,22,338
2549,-42,22,350
2550,-41,22,511
2551,-40,22,460
2552,-39,22,319
2553,-38,22,480
2554,-37,22,469
2555,-36,22,655
2556,-35,22,845
2557,-34,22,494
2558,-33,22,216
2559,-11,22,239
2560,-1,22,383
2561,0,22,321
2562,1,22,418
2563,2,22,378
2564,3,22,357
2565,4,22,557
2566,5,22,531
2567,6,22,485
2568,7,22,611
2569,8,22,576
2570,9,22,291
2571,10,22,450
2572,11,22,639
2573,12,22,528
2574,13,22,367
2575,14,22,377
2576,15,22,397
2577,16,22,443
2578,17,22,570
2579,18,22,863
2580,19,22,1227
2581,20,22,321
2582,29,22,265
2583,30,22,336
2584,31,22,567
2585,32,22,655
2586,33,22,303
2587,34,22,213
2588,58,22,265
2589,59,22,217
2590,-85,23,252
2591,-84,23,263
2592,-83,23,264
2593,-82,23,320
2594,-74,23,208
2595,-71,23,224
2596,-65,23,305
2597,-64,23,362
2598,-63,23,211
2599,-62,23,351
2600,-61,23,439
2601,-60,23,345
2602,-59,23,432
2603,-58,23,454
2604,-57,23,481
2605,-56,23,626
2606,-55,23,527
2607,-54,23,412
2608,-53,23,304
2609,-52,23,345
2610,-50,23,284
2611,-49,23,270
2612,-47,23,454
2613,-46,23,506
2614,-45,23,356
2615,-44,23,488
2616,-43,23,304
2617,-42,23,359
2618,-41,23,417
2619,-40,23,610
2620,-39,23,349
2621,-38,23,427
2622,-37,23,577
2623,-36,23,884
2624,-35,23,565
2625,-34,23,439
2626,-28,23,233
2627,-26,23,326
2628,-25,23,305
2629,-23,23,213
2630,-22,23,242
2631,-21,23,301
2632,-20,23,300
2633,-15,23,332
2634,-14,23,363
2635,-13,23,304
2636,-12,23,310
2637,-11,23,237
2638,-10,23,203
2639,-2,23,324
2640,-1,23,283
2641,0,23,220
2642,1,23,355
2643,2,23,624
2644,3,23,372
2645,4,23,555
2646,5,23,702
2647,6,23,630
2648,7,23,776
2649,8,23,1061
2650,9,23,1036
2651,10,23,1046
2652,11,23,661
2653,12,23,503
2654,13,23,424
2655,14,23,358
2656,15,23,245
2657,17,23,422
2658,18,23,967
2659,19,23,992
2660,20,23,425
2661,28,23,425
2662,29,23,389
2663,30,23,516
2664,31,23,614
2665,32,23,684
2666,33,23,421
2667,34,23,331
2668,58,23,378
2669,59,23,311
2670,-83,24,238
2671,-82,24,267
2672,-71,24,247
2673,-67,24,244
2674,-66,24,240
2675,-65,24,329
2676,-64,24,366
2677,-62,24,323
2678,-60,24,224
2679,-59,24,301
2680,-58,24,289
2681,-57,24,361
2682,-56,24,495
2683,-55,24,399
2684,-54,24,316
2685,-53,24,334
2686,-52,24,329
2687,-47,24,225
2688,-46,24,270
2689,-45,24,278
2690,-44,24,266
2691,-43,24,378
2692,-42,24,234
2693,-41,24,307
2694,-40,24,315
2695,-39,24,321
2696,-38,24,349
2697,-37,24,487
2698,-36,24,617
2699,-35,24,450
2700,-34,24,419
2701,-28,24,571
2702,-26,24,304
2703,-25,24,230
2704,-21,24,208
2705,-20,24,201
2706,-17,24,205
2707,-16,24,218
2708,-15,24,207
2709,-14,24,466
2710,-13,24,405
2711,-12,24,341
2712,-11,24,388
2713,-10,24,345
2714,-9,24,399
2715,-8,24,553
2716,-1,24,358
2717,0,24,314
2718,1,24,742
2719,2,24,615
2720,3,24,327
2721,5,24,501
2722,6,24,613
2723,7,24,719
2724,8,24,1087
2725,9,24,955
2726,10,24,1322
2727,11,24,723
2728,12,24,247
2729,13,24,276
2730,14,24,337
2731,15,24,234
2732,18,24,276
2733,19,24,376
2734,20,24,256
2735,26,24,208
2736,28,24,236
2737,29,24,331
2738,30,24,370
2739,31,24,756
2740,32,24,376
2741,33,24,233
2742,34,24,237
2743,36,24,253
2744,37,24,336
2745,38,24,335
2746,39,24,252
2747,58,24,395
2748,59,24,668
2749,60,24,229
2750,-83,25,362
2751,-82,25,223
2752,-81,25,219
2753,-80,25,216
2754,-72,25,287
2755,-71,25,377
2756,-70,25,222
2757,-67,25,299
2758,-66,25,312
2759,-65,25,497
2760,-64,25,507
2761,-63,25,285
2762,-62,25,420
2763,-61,25,272
2764,-60,25,223
2765,-59,25,477
2766,-58,25,421
2767,-57,25,384
2768,-56,25,499
2769,-55,25,425
2770,-54,25,490
2771,-53,25,524
2772,-52,25,352
2773,-48,25,219
2774,-45,25,228
2775,-44,25,253
2776,-43,25,493
2777,-42,25,214
2778,-41,25,292
2779,-40,25,466
2780,-39,25,364
2781,-38,25,338
2782,-37,25,467
2783,-36,25,517
2784,-35,25,487
2785,-34,25,587
2786,-33,25,374
2787,-32,25,295
2788,-26,25,233
2789,-25,25,314
2790,-24,25,253
2791,-23,25,263
2792,-18,25,223
2793,-17,25,342
2794,-16,25,509
2795,-15,25,376
2796,-14,25,1054
2797,-13,25,1079
2798,-12,25,825
2799,-11,25,708
2800,-10,25,628
2801,-9,25,589
2802,-8,25,729
2803,-6,25,219
2804,-2,25,224
2805,-1,25,460
2806,0,25,355
2807,1,25,684
2808,2,25,1258
2809,3,25,732
2810,7,25,228
2811,8,25,499
2812,9,25,798
2813,10,25,1328
2814,11,25,575
2815,12,25,228
2816,13,25,281
2817,14,25,248
2818,15,25,255
2819,16,25,373
2820,18,25,216
2821,22,25,247
2822,23,25,383
2823,26,25,210
2824,28,25,445
2825,29,25,387
2826,31,25,306
2827,32,25,293
2828,36,25,299
2829,37,25,386
2830,38,25,354
2831,39,25,263
2832,40,25,209
2833,45,25,325
2834,46,25,244
2835,58,25,475
2836,59,25,1026
2837,60,25,323
2838,-82,26,202
2839,-81,26,239
2840,-71,26,269
2841,-70,26,255
2842,-67,26,322
2843,-66,26,224
2844,-65,26,284
2845,-64,26,322
2846,-63,26,338
2847,-62,26,338
2848,-61,26,394
2849,-60,26,336
2850,-59,26,467
2851,-58,26,694
2852,-57,26,448
2853,-56,26,313
2854,-55,26,621
2855,-54,26,441
2856,-53,26,438
2857,-52,26,233
2858,-44,26,216
2859,-43,26,387
2860,-40,26,218
2861,-39,26,332
2862,-38,26,253
2863,-37,26,309
2864,-36,26,299
2865,-35,26,354
2866,-34,26,618
2867,-33,26,629
2868,-32,26,328
2869,-31,26,231
2870,-26,26,255
2871,-25,26,367
2872,-24,26,373
2873,-23,26,396
2874,-22,26,413
2875,-19,26,225
2876,-17,26,403
2877,-16,26,559
2878,-15,26,873
2879,-14,26,1054
2880,-13,26,1043
2881,-12,26,1007
2882,-11,26,1202
2883,-10,26,990
2884,-9,26,793
2885,-8,26,728
2886,-7,26,383
2887,-5,26,205
2888,-4,26,283
2889,-3,26,344
2890,-2,26,498
2891,-1,26,839
2892,0,26,1003
2893,1,26,866
2894,2,26,894
2895,3,26,679
2896,9,26,366
2897,10,26,545
2898,11,26,731
2899,12,26,448
2900,13,26,287
2901,14,26,278
2902,15,26,372
2903,16,26,399
2904,17,26,267
2905,22,26,223
2906,23,26,229
2907,29,26,202
2908,32,26,297
2909,33,26,222
2910,37,26,307
2911,38,26,313
2912,39,26,235
2913,45,26,202
2914,58,26,334
2915,-83,27,231
2916,-72,27,213
2917,-71,27,254
2918,-64,27,221
2919,-63,27,305
2920,-62,27,435
2921,-61,27,478
2922,-60,27,348
2923,-59,27,474
2924,-58,27,611
2925,-57,27,525
2926,-56,27,485
2927,-55,27,471
2928,-54,27,274
2929,-53,27,305
2930,-46,27,226
2931,-42,27,208
2932,-37,27,216
2933,-36,27,225
2934,-35,27,404
2935,-34,27,480
2936,-33,27,584
2937,-32,27,592
2938,-31,27,405
2939,-30,27,212
2940,-25,27,393
2941,-24,27,387
2942,-23,27,582
2943,-22,27,567
2944,-16,27,484
2945,-15,27,437
2946,-14,27,610
2947,-13,27,825
2948,-12,27,995
2949,-11,27,1475
2950,-10,27,1592
2951,-9,27,1307
2952,-8,27,1405
2953,-7,27,1151
2954,-6,27,242
2955,-5,27,317
2956,-4,27,450
2957,-3,27,737
2958,-2,27,1230
2959,-1,27,1012
2960,0,27,1063
2961,1,27,783
2962,2,27,774
2963,3,27,677
2964,9,27,240
2965,10,27,449
2966,11,27,523
2967,12,27,300
2968,13,27,219
2969,14,27,325
2970,15,27,277
2971,16,27,204
2972,31,27,277
2973,32,27,354
2974,33,27,218
2975,38,27,208
2976,-76,28,289
2977,-75,28,202
2978,-72,28,242
2979,-71,28,402
2980,-70,28,231
2981,-69,28,206
2982,-64,28,244
2983,-63,28,305
2984,-62,28,558
2985,-61,28,523
2986,-60,28,561
2987,-59,28,549
2988,-58,28,901
2989,-57,28,784
2990,-56,28,691
2991,-55,28,343
2992,-54,28,283
2993,-52,28,262
2994,-51,28,317
2995,-50,28,307
2996,-49,28,331
2997,-48,28,291
2998,-47,28,201
2999,-46,28,339
3000,-45,28,440
3001,-44,28,390
3002,-38,28,232
3003,-37,28,237
3004,-36,28,321
3005,-35,28,600
3006,-34,28,613
3007,-33,28,883
3008,-32,28,1100
3009,-31,28,529
3010,-30,28,320
3011,-25,28,396
3012,-24,28,448
3013,-23,28,587
3014,-22,28,589
3015,-21,28,228
3016,-16,28,284
3017,-15,28,424
3018,-14,28,694
3019,-13,28,1002
3020,-12,28,1067
3021,-11,28,1903
3022,-10,28,2406
3023,-9,28,1790
3024,-8,28,1946
3025,-7,28,1844
3026,-6,28,1407
3027,-5,28,548
3028,-4,28,919
3029,-3,28,1046
3030,-2,28,1397
3031,-1,28,1754
3032,0,28,1115
3033,1,28,937
3034,2,28,655
3035,3,28,831
3036,4,28,660
3037,8,28,284
3038,9,28,426
3039,10,28,441
3040,11,28,603
3041,12,28,336
3042,13,28,381
3043,14,28,478
3044,15,28,461
3045,16,28,455
3046,17,28,422
3047,18,28,285
3048,19,28,356
3049,30,28,222
3050,31,28,230
3051,32,28,206
3052,39,28,226
3053,-74,29,290
3054,-73,29,244
3055,-71,29,315
3056,-70,29,332
3057,-69,29,248
3058,-68,29,222
3059,-64,29,222
3060,-63,29,280
3061,-62,29,476
3062,-61,29,634
3063,-60,29,467
3064,-59,29,825
3065,-58,29,714
3066,-57,29,667
3067,-56,29,635
3068,-55,29,611
3069,-54,29,492
3070,-53,29,562
3071,-52,29,618
3072,-51,29,419
3073,-50,29,579
3074,-49,29,495
3075,-48,29,357
3076,-47,29,337
3077,-46,29,417
3078,-45,29,519
3079,-44,29,847
3080,-43,29,281
3081,-39,29,252
3082,-38,29,202
3083,-36,29,232
3084,-35,29,349
3085,-34,29,624
3086,-33,29,784
3087,-32,29,833
3088,-31,29,484
3089,-23,29,327
3090,-22,29,404
3091,-21,29,222
3092,-20,29,290
3093,-14,29,390
3094,-13,29,1048
3095,-12,29,1107
3096,-11,29,1393
3097,-10,29,2428
3098,-9,29,1509
3099,-8,29,1295
3100,-7,29,1943
3101,-6,29,1071
3102,-5,29,1225
3103,-4,29,1827
3104,-3,29,1206
3105,-2,29,1518
3106,-1,29,810
3107,0,29,815
3108,1,29,701
3109,2,29,634
3110,3,29,562
3111,4,29,1032
3112,5,29,520
3113,6,29,544
3114,7,29,837
3115,8,29,398
3116,9,29,312
3117,10,29,345
3118,11,29,362
3119,12,29,342
3120,13,29,318
3121,14,29,262
3122,15,29,266
3123,16,29,319
3124,17,29,310
3125,39,29,407
3126,40,29,330
3127,-71,30,205
3128,-70,30,276
3129,-69,30,325
3130,-68,30,249
3131,-64,30,256
3132,-62,30,293
3133,-61,30,418
3134,-60,30,307
3135,-59,30,530
3136,-58,30,729
3137,-57,30,647
3138,-56,30,577
3139,-55,30,593
3140,-54,30,664
3141,-53,30,658
3142,-52,30,493
3143,-51,30,523
3144,-50,30,706
3145,-49,30,405
3146,-48,30,377
3147,-47,30,409
3148,-46,30,562
3149,-45,30,576
3150,-44,30,613
3151,-43,30,366
3152,-42,30,202
3153,-34,30,252
3154,-32,30,265
3155,-22,30,208
3156,-20,30,283
3157,-19,30,205
3158,-18,30,305
3159,-14,30,212
3160,-13,30,738
3161,-12,30,799
3162,-11,30,919
3163,-10,30,1086
3164,-9,30,898
3165,-8,30,1415
3166,-7,30,1355
3167,-6,30,986
3168,-5,30,994
3169,-4,30,1069
3170,-3,30,787
3171,-2,30,1009
3172,-1,30,627
3173,0,30,553
3174,1,30,239
3175,2,30,322
3176,3,30,215
3177,4,30,338
3178,5,30,441
3179,6,30,462
3180,7,30,564
3181,8,30,253
3182,61,30,202
3183,-71,31,251
3184,-70,31,302
3185,-69,31,429
3186,-68,31,269
3187,-67,31,309
3188,-66,31,222
3189,-65,31,229
3190,-64,31,289
3191,-63,31,217
3192,-62,31,306
3193,-61,31,281
3194,-60,31,208
3195,-59,31,395
3196,-58,31,541
3197,-57,31,604
3198,-56,31,817
3199,-55,31,470
3200,-54,31,593
3201,-53,31,626
3202,-52,31,620
3203,-51,31,580
3204,-50,31,585
3205,-49,31,389
3206,-48,31,574
3207,-47,31,752
3208,-46,31,598
3209,-45,31,399
3210,-44,31,540
3211,-43,31,552
3212,-42,31,211
3213,-35,31,224
3214,-19,31,231
3215,-18,31,352
3216,-17,31,262
3217,-16,31,208
3218,-15,31,395
3219,-14,31,323
3220,-13,31,362
3221,-12,31,487
3222,-11,31,949
3223,-10,31,1053
3224,-9,31,764
3225,-8,31,808
3226,-7,31,1651
3227,-6,31,1056
3228,-5,31,1303
3229,-4,31,776
3230,-3,31,507
3231,-2,31,420
3232,-1,31,363
3233,0,31,421
3234,1,31,270
3235,2,31,295
3236,4,31,267
3237,7,31,475
3238,10,31,282
3239,28,31,211
3240,37,31,207
3241,56,31,220
3242,63,31,223
3243,-69,32,207
3244,-68,32,266
3245,-67,32,321
3246,-66,32,248
3247,-65,32,274
3248,-62,32,261
3249,-61,32,234
3250,-60,32,271
3251,-59,32,315
3252,-58,32,759
3253,-57,32,558
3254,-56,32,542
3255,-55,32,589
3256,-54,32,573
3257,-53,32,838
3258,-52,32,587
3259,-51,32,524
3260,-50,32,617
3261,-49,32,728
3262,-48,32,596
3263,-47,32,758
3264,-46,32,783
3265,-45,32,567
3266,-44,32,569
3267,-43,32,322
3268,-42,32,280
3269,-38,32,271
3270,-35,32,350
3271,-18,32,207
3272,-16,32,298
3273,-15,32,376
3274,-14,32,535
3275,-13,32,388
3276,-12,32,484
3277,-11,32,724
3278,-10,32,744
3279,-9,32,510
3280,-8,32,782
3281,-7,32,583
3282,-6,32,723
3283,-5,32,457
3284,-4,32,571
3285,-3,32,424
3286,-2,32,478
3287,-1,32,408
3288,0,32,254
3289,28,32,336
3290,37,32,233
3291,38,32,205
3292,55,32,330
3293,56,32,226
3294,57,32,215
3295,58,32,234
3296,60,32,213
3297,63,32,311
3298,-68,33,215
3299,-62,33,212
3300,-61,33,236
3301,-59,33,221
3302,-58,33,617
3303,-57,33,343
3304,-56,33,484
3305,-55,33,389
3306,-54,33,371
3307,-53,33,469
3308,-52,33,418
3309,-51,33,450
3310,-50,33,550
3311,-49,33,548
3312,-48,33,405
3313,-47,33,624
3314,-46,33,646
3315,-45,33,491
3316,-44,33,449
3317,-43,33,320
3318,-42,33,239
3319,-41,33,235
3320,-40,33,206
3321,-15,33,243
3322,-14,33,457
3323,-13,33,363
3324,-12,33,290
3325,-11,33,331
3326,-10,33,202
3327,-9,33,295
3328,-8,33,298
3329,-7,33,319
3330,-6,33,222
3331,-5,33,302
3332,-4,33,325
3333,-1,33,298
3334,0,33,237
3335,28,33,295
3336,61,33,296
3337,-65,34,228
3338,-61,34,241
3339,-59,34,287
3340,-58,34,256
3341,-57,34,245
3342,-56,34,591
3343,-55,34,369
3344,-54,34,378
3345,-53,34,424
3346,-52,34,405
3347,-51,34,389
3348,-50,34,647
3349,-49,34,637
3350,-48,34,459
3351,-47,34,711
3352,-46,34,518
3353,-45,34,428
3354,-44,34,496
3355,-43,34,400
3356,-42,34,315
3357,-41,34,398
3358,-40,34,315
3359,-39,34,230
3360,-32,34,302
3361,-31,34,350
3362,-30,34,249
3363,-13,34,368
3364,-12,34,224
3365,-9,34,213
3366,0,34,278
3367,59,34,242
3368,-61,35,335
3369,-59,35,272
3370,-58,35,272
3371,-56,35,447
3372,-55,35,340
3373,-53,35,307
3374,-52,35,467
3375,-51,35,302
3376,-50,35,340
3377,-49,35,538
3378,-48,35,393
3379,-47,35,397
3380,-46,35,397
3381,-45,35,298
3382,-44,35,378
3383,-43,35,276
3384,-42,35,314
3385,-41,35,271
3386,-38,35,209
3387,-31,35,294
3388,-62,36,233
3389,-59,36,240
3390,-58,36,253
3391,-55,36,215
3392,-52,36,362
3393,-51,36,265
3394,-50,36,234
3395,-49,36,361
3396,-48,36,351
3397,-47,36,377
3398,-46,36,343
3399,-45,36,268
3400,-44,36,245
3401,-43,36,217
3402,-60,37,211
3403,-59,37,317
3404,-58,37,216
3405,-55,37,269
3406,-53,37,232
3407,-52,37,274
3408,-51,37,289
3409,-50,37,328
3410,-49,37,310
3411,-48,37,242
3412,-47,37,388
3413,-46,37,292
3414,-45,37,284
3415,-43,37,219
3416,-35,37,222
3417,-31,37,232
3418,-26,37,245
3419,-25,37,320
3420,-24,37,283
3421,-23,37,346
3422,-59,38,247
3423,-55,38,234
3424,-54,38,303
3425,-52,38,266
3426,-51,38,289
3427,-50,38,269
3428,-49,38,244
3429,-48,38,259
3430,-47,38,260
3431,-46,38,394
3432,-35,38,230
3433,-25,38,253
3434,-23,38,209
3435,-58,39,231
3436,-51,39,248
3437,-50,39,236
3438,-49,39,203
3439,-47,39,204
3440,-46,39,266
3441,-35,39,212
3442,-34,39,233
3443,-86,40,525
3444,-56,40,208
3445,-53,40,221
3446,-50,40,289
3447,-49,40,207
3448,-46,40,269
3449,-34,40,301
3450,-33,40,271
3451,-55,41,217
3452,-49,41,268
3453,-46,41,250
3454,-34,41,209
3455,-32,43,206
3456,-84,70,430
3457,-84,71,478
3458,-83,71,214
3459,29,74,221
3460,61,90,241
3461,60,91,262
